  CupyParallelSystem,      1000,   -1.0000,     -0.00
  CupyParallelSystem,      1000,   -1.0000,     -0.00
  CupyParallelSystem,      1000,   -1.0000,     -0.00
  CupyParallelSystem,      1000,   -1.0000,     -0.00
  CupyParallelSystem,      1000,   -1.0000,     -0.00
  CupyParallelSystem,      1000,   -1.0000,     -0.00
  CupyParallelSystem,      1000,   -1.0000,     -0.00
  CupyParallelSystem,      1000,   -1.0000,     -0.00
  CupyParallelSystem,      1000,   -1.0000,     -0.00
  CupyParallelSystem,      1000,   -1.0000,     -0.00
  CupyParallelSystem,      1000,   -1.0000,     -0.00
  CupyParallelSystem,      1000,   -1.0000,     -0.00
  CupyParallelSystem,      1000,   -1.0000,     -0.00
  CupyParallelSystem,      1000,   -1.0000,     -0.00
  CupyParallelSystem,      1000,   -1.0000,     -0.00
  CupyParallelSystem,      1000,   -1.0000,     -0.00
  CupyParallelSystem,      1000,   -1.0000,     -0.00
  CupyParallelSystem,      1000,   -1.0000,     -0.00
  CupyParallelSystem,      1000,   -1.0000,     -0.00
  CupyParallelSystem,      1000,   -1.0000,     -0.00
  CupyParallelSystem,      1000,   -1.0000,     -0.00
  CupyParallelSystem,      1000,   -1.0000,     -0.00
  CupyParallelSystem,      1000,   -1.0000,     -0.00
  CupyParallelSystem,      1000,   -1.0000,     -0.00
  CupyParallelSystem,      1000,   -1.0000,     -0.00
  CupyParallelSystem,      1000,   -1.0000,     -0.00
  CupyParallelSystem,      1000,   -1.0000,     -0.00
  CupyParallelSystem,      1000,   -1.0000,     -0.00
  CupyParallelSystem,      1000,   -1.0000,     -0.00
  CupyParallelSystem,      1000,   -1.0000,     -0.00
  CupyParallelSystem,      1000,   -1.0000,     -0.00
  CupyParallelSystem,      1000,   -1.0000,     -0.00
  CupyParallelSystem,      1000,   -1.0000,     -0.00
  CupyParallelSystem,      1000,   -1.0000,     -0.00
  CupyParallelSystem,      1000,   -1.0000,     -0.00
  CupyParallelSystem,      1000,   -1.0000,     -0.00
  CupyParallelSystem,      1000,   -1.0000,     -0.00
  CupyParallelSystem,      1000,   -1.0000,     -0.00
  CupyParallelSystem,      1000,   -1.0000,     -0.00
  CupyParallelSystem,      1000,   -1.0000,     -0.00
  CupyParallelSystem,      1000,   -1.0000,     -0.00
  CupyParallelSystem,      1000,   -1.0000,     -0.00
  CupyParallelSystem,      1000,   -1.0000,     -0.00
  CupyParallelSystem,      1000,   -1.0000,     -0.00
  CupyParallelSystem,      1000,   -1.0000,     -0.00
  CupyParallelSystem,      1000,   -1.0000,     -0.00
  CupyParallelSystem,      1000,   -1.0000,     -0.00
  CupyParallelSystem,      1000,   -1.0000,     -0.00
  CupyParallelSystem,      1000,   -1.0000,     -0.00
  CupyParallelSystem,      1000,   -1.0000,     -0.00
  CupyParallelSystem,      1000,   -1.0000,     -0.00
  CupyParallelSystem,      1000,   -1.0000,     -0.00
  CupyParallelSystem,      1000,   -1.0000,     -0.00
  CupyParallelSystem,      1000,   -1.0000,     -0.00
  CupyParallelSystem,      1000,   -1.0000,     -0.00
  CupyParallelSystem,      1000,   -1.0000,     -0.00
  CupyParallelSystem,      1000,   -1.0000,     -0.00
  CupyParallelSystem,      1000,   -1.0000,     -0.00
  CupyParallelSystem,      1000,   -1.0000,     -0.00
  CupyParallelSystem,      1000,    0.0168,      0.01
  CupyParallelSystem,      1000,    0.0185,      0.01
  CupyParallelSystem,      1000,    0.0184,      0.01
  CupyParallelSystem,      1000,    0.0189,      0.01
  CupyParallelSystem,      1000,    0.0182,      0.05
  CupyParallelSystem,    125000,    0.0185,      0.01
  CupyParallelSystem,    125000,    0.0193,      0.02
  CupyParallelSystem,    250000,    0.0197,      0.07
  CupyParallelSystem,    500000,    0.0251,      0.01
  CupyParallelSystem,    750000,    0.0256,      0.04
  CupyParallelSystem,    125000,    0.0184,      0.01
  CupyParallelSystem,    250000,    0.0173,      0.04
  CupyParallelSystem,    500000,    0.0239,      0.00
  CupyParallelSystem,    750000,    0.0245,      0.02
  CupyParallelSystem,   1250000,    0.0289,      0.03
  CupyParallelSystem,   2500000,    0.0526,      0.00
  CupyParallelSystem,   5000000,    0.0831,      0.01
  CupyParallelSystem,  10000000,    0.1300,      0.04
  CupyParallelSystem,  20000000,   -1.0000,     -0.00
  CupyParallelSystem,    125000,    0.0182,      0.01
  CupyParallelSystem,    250000,    0.0173,      0.03
  CupyParallelSystem,    500000,    0.0239,      0.00
  CupyParallelSystem,    750000,    0.0244,      0.03
  CupyParallelSystem,   1250000,    0.0305,      0.02
  CupyParallelSystem,   2500000,    0.0550,      0.03
  CupyParallelSystem,    125000,    0.0180,      0.01
  CupyParallelSystem,    250000,    0.0186,      0.07
  CupyParallelSystem,    500000,    0.0239,      0.01
  CupyParallelSystem,    750000,    0.0243,      0.03
  CupyParallelSystem,   1250000,    0.0305,      0.02
  CupyParallelSystem,   2500000,    0.0548,      0.03
  CupyParallelSystem,    125000,    0.0175,      0.02
  CupyParallelSystem,    250000,    0.0183,      0.07
  CupyParallelSystem,    500000,    0.0234,      0.00
  CupyParallelSystem,    750000,    0.0238,      0.03
  CupyParallelSystem,   1250000,    0.0297,      0.00
  CupyParallelSystem,   2500000,    0.0506,      0.00
  CupyParallelSystem,   5000000,    0.1002,      0.02
  CupyParallelSystem,      1000,    0.0149,      0.04
  CupyParallelSystem,    125000,    0.0162,      0.02
  CupyParallelSystem,    250000,    0.0182,      0.08
  CupyParallelSystem,    500000,    0.0235,      0.00
  CupyParallelSystem,    750000,    0.0240,      0.05
  CupyParallelSystem,   1250000,    0.0303,      0.00
  CupyParallelSystem,   2500000,    0.0513,      0.01
  CupyParallelSystem,   5000000,    0.0851,      0.03
  CupyParallelSystem,  10000000,    0.1351,      0.03
  CupyParallelSystem,  20000000,   -1.0000,     -0.00
  CupyParallelSystem,  20000000,   -1.0000,     -0.00
  CupyParallelSystem,   5000000,    0.1158,      0.03
  CupyParallelSystem,  20000000,   -1.0000,     -0.00
  CupyParallelSystem,  20000000,   -1.0000,     -0.00
  CupyParallelSystem,  20000000,   -1.0000,     -0.00
  CupyParallelSystem,  20000000,   -1.0000,     -0.00
  CupyParallelSystem,  20000000,   -1.0000,     -0.00
  CupyParallelSystem,  20000000,   -1.0000,     -0.00
  CupyParallelSystem,  20000000,    0.3136,      0.08
  CupyParallelSystem,  20000000,    0.2900,      0.09
  CupyParallelSystem,      1000,    0.0144,      0.03
  CupyParallelSystem,    125000,    0.0158,      0.01
  CupyParallelSystem,    250000,    0.0179,      0.08
  CupyParallelSystem,    500000,    0.0230,      0.00
  CupyParallelSystem,    750000,    0.0235,      0.03
  CupyParallelSystem,   1250000,    0.0302,      0.00
  CupyParallelSystem,   2500000,    0.0512,      0.00
  CupyParallelSystem,   5000000,    0.0844,      0.02
  CupyParallelSystem,  10000000,    0.1337,      0.03
  CupyParallelSystem,  20000000,    0.5224,      0.37
  CupyParallelSystem,      1000,    0.0166,      0.02
  CupyParallelSystem,    125000,    0.0179,      0.03
  CupyParallelSystem,    250000,    0.0201,      0.07
  CupyParallelSystem,    500000,    0.0264,      0.00
  CupyParallelSystem,    750000,    0.0284,      0.04
  CupyParallelSystem,   1250000,    0.0341,      0.05
  CupyParallelSystem,   2500000,    0.0585,      0.01
  CupyParallelSystem,   5000000,    0.0952,      0.03
  CupyParallelSystem,  10000000,    0.1475,      0.02
  CupyParallelSystem,  20000000,    0.2801,      0.00
  CupyParallelSystem,      1000,   -1.0000,     -0.00
  CupyParallelSystem,    125000,   -1.0000,     -0.00
  CupyParallelSystem,    250000,   -1.0000,     -0.00
  CupyParallelSystem,    500000,   -1.0000,     -0.00
  CupyParallelSystem,    750000,   -1.0000,     -0.00
  CupyParallelSystem,   1250000,   -1.0000,     -0.00
  CupyParallelSystem,   2500000,   -1.0000,     -0.00
  CupyParallelSystem,   5000000,   -1.0000,     -0.00
  CupyParallelSystem,  10000000,   -1.0000,     -0.00
  CupyParallelSystem,  20000000,   -1.0000,     -0.00
  CupyParallelSystem,      1000,   -1.0000,     -0.00
  CupyParallelSystem,    125000,   -1.0000,     -0.00
  CupyParallelSystem,    250000,   -1.0000,     -0.00
  CupyParallelSystem,    500000,   -1.0000,     -0.00
  CupyParallelSystem,    750000,   -1.0000,     -0.00
  CupyParallelSystem,   1250000,   -1.0000,     -0.00
  CupyParallelSystem,   2500000,   -1.0000,     -0.00
  CupyParallelSystem,   5000000,   -1.0000,     -0.00
  CupyParallelSystem,  10000000,   -1.0000,     -0.00
  CupyParallelSystem,  20000000,   -1.0000,     -0.00
  CupyParallelSystem,      1000,   -1.0000,     -0.00
  CupyParallelSystem,    125000,   -1.0000,     -0.00
  CupyParallelSystem,    250000,   -1.0000,     -0.00
  CupyParallelSystem,    500000,   -1.0000,     -0.00
  CupyParallelSystem,    750000,   -1.0000,     -0.00
  CupyParallelSystem,   1250000,   -1.0000,     -0.00
  CupyParallelSystem,   2500000,   -1.0000,     -0.00
  CupyParallelSystem,   5000000,   -1.0000,     -0.00
  CupyParallelSystem,  10000000,   -1.0000,     -0.00
  CupyParallelSystem,  20000000,   -1.0000,     -0.00
  CupyParallelSystem,      1000,    0.0052,      0.00
  CupyParallelSystem,    125000,    0.0060,      0.00
  CupyParallelSystem,    250000,    0.0077,      0.00
  CupyParallelSystem,    500000,    0.0148,      0.00
  CupyParallelSystem,    750000,    0.0172,      0.00
  CupyParallelSystem,   1250000,    0.0260,      0.05
  CupyParallelSystem,   2500000,    0.0472,      0.00
  CupyParallelSystem,   5000000,    0.0776,      0.02
  CupyParallelSystem,  10000000,    0.1256,      0.01
  CupyParallelSystem,  20000000,    0.2478,      0.00
  CupyParallelSystem,      1000,    0.0051,      0.01
  CupyParallelSystem,    125000,    0.0059,      0.00
  CupyParallelSystem,    250000,    0.0077,      0.00
  CupyParallelSystem,    500000,    0.0147,      0.00
  CupyParallelSystem,    750000,    0.0204,      0.01
  CupyParallelSystem,   1250000,    0.0291,      0.00
  CupyParallelSystem,   2500000,    0.0498,      0.00
  CupyParallelSystem,   5000000,    0.0833,      0.02
  CupyParallelSystem,  10000000,    0.1333,      0.03
  CupyParallelSystem,  20000000,    0.2478,      0.00
  CupyParallelSystem,      1000,    0.0057,      0.02
  CupyParallelSystem,    125000,    0.0058,      0.01
  CupyParallelSystem,    250000,    0.0072,      0.00
  CupyParallelSystem,    500000,    0.0122,      0.00
  CupyParallelSystem,    750000,    0.0170,      0.00
  CupyParallelSystem,   1250000,    0.0271,      0.00
  CupyParallelSystem,   2500000,    0.0520,      0.00
  CupyParallelSystem,   5000000,    0.0950,      0.01
  CupyParallelSystem,  10000000,    0.1671,      0.02
  CupyParallelSystem,  20000000,    0.3089,      0.00
  CupyParallelSystem,      1000,    0.0057,      0.01
  CupyParallelSystem,    125000,    0.0069,      0.00
  CupyParallelSystem,    250000,    0.0096,      0.00
  CupyParallelSystem,    500000,    0.0178,      0.00
  CupyParallelSystem,    750000,    0.0233,      0.01
  CupyParallelSystem,   1250000,    0.0335,      0.04
  CupyParallelSystem,   2500000,    0.0606,      0.01
  CupyParallelSystem,   5000000,    0.1053,      0.04
  CupyParallelSystem,  10000000,    0.1638,      0.02
  CupyParallelSystem,  20000000,    0.3080,      0.00
  CupyParallelSystem,      1000,    0.0050,      0.02
  CupyParallelSystem,    125000,    0.0058,      0.00
  CupyParallelSystem,    250000,    0.0077,      0.00
  CupyParallelSystem,    500000,    0.0147,      0.00
  CupyParallelSystem,    750000,    0.0199,      0.03
  CupyParallelSystem,   1250000,    0.0291,      0.01
  CupyParallelSystem,   2500000,    0.0499,      0.00
  CupyParallelSystem,   5000000,    0.0824,      0.01
  CupyParallelSystem,  10000000,    0.1313,      0.02
  CupyParallelSystem,  20000000,    0.2481,      0.00
  CupyParallelSystem,      1000,    0.0089,    0.0074,    0.0002,      0.03
  CupyParallelSystem,    125000,    0.0105,    0.0087,    0.0002,      0.00
  CupyParallelSystem,    250000,    0.0120,    0.0083,    0.0002,      0.03
  CupyParallelSystem,    500000,    0.0144,    0.0078,    0.0002,      0.03
  CupyParallelSystem,    750000,    0.0168,    0.0074,    0.0002,      0.00
  CupyParallelSystem,   1250000,    0.0231,    0.0079,    0.0002,      0.03
  CupyParallelSystem,   2500000,    0.0431,    0.0085,    0.0002,      0.00
  CupyParallelSystem,   5000000,   -1.0000,    0.0085,    0.0002,     -0.00
  CupyParallelSystem,  10000000,   -1.0000,    0.0085,    0.0002,     -0.00
  CupyParallelSystem,  20000000,   -1.0000,    0.0085,    0.0002,     -0.00
  CupyParallelSystem,      1000,    0.0087,    0.0073,    0.0002,      0.02
  CupyParallelSystem,    125000,    0.0105,    0.0086,    0.0002,      0.00
  CupyParallelSystem,    250000,    0.0120,    0.0083,    0.0002,      0.04
  CupyParallelSystem,    500000,    0.0140,    0.0078,    0.0002,      0.01
  CupyParallelSystem,    750000,    0.0157,    0.0073,    0.0002,      0.05
  CupyParallelSystem,   1250000,    0.0217,    0.0078,    0.0002,      0.00
  CupyParallelSystem,   2500000,    0.0345,    0.0084,    0.0002,      0.00
  CupyParallelSystem,   5000000,   -1.0000,    0.0084,    0.0002,     -0.00
  CupyParallelSystem,  10000000,   -1.0000,    0.0084,    0.0002,     -0.00
  CupyParallelSystem,  20000000,   -1.0000,    0.0084,    0.0002,     -0.00
  CupyParallelSystem,      1000,   -1.0000,   -1.0000,   -1.0000,     -0.00
  CupyParallelSystem,    125000,   -1.0000,   -1.0000,   -1.0000,     -0.00
  CupyParallelSystem,    250000,   -1.0000,   -1.0000,   -1.0000,     -0.00
  CupyParallelSystem,    500000,   -1.0000,   -1.0000,   -1.0000,     -0.00
  CupyParallelSystem,    750000,   -1.0000,   -1.0000,   -1.0000,     -0.00
  CupyParallelSystem,   1250000,   -1.0000,   -1.0000,   -1.0000,     -0.00
  CupyParallelSystem,   2500000,   -1.0000,   -1.0000,   -1.0000,     -0.00
  CupyParallelSystem,   5000000,   -1.0000,   -1.0000,   -1.0000,     -0.00
  CupyParallelSystem,  10000000,   -1.0000,   -1.0000,   -1.0000,     -0.00
  CupyParallelSystem,  20000000,   -1.0000,   -1.0000,   -1.0000,     -0.00
  CupyParallelSystem,      1000,   -1.0000,   -1.0000,   -1.0000,     -0.00
  CupyParallelSystem,    125000,   -1.0000,   -1.0000,   -1.0000,     -0.00
  CupyParallelSystem,    250000,   -1.0000,   -1.0000,   -1.0000,     -0.00
  CupyParallelSystem,    500000,   -1.0000,   -1.0000,   -1.0000,     -0.00
  CupyParallelSystem,    750000,   -1.0000,   -1.0000,   -1.0000,     -0.00
  CupyParallelSystem,   1250000,   -1.0000,   -1.0000,   -1.0000,     -0.00
  CupyParallelSystem,   2500000,   -1.0000,   -1.0000,   -1.0000,     -0.00
  CupyParallelSystem,   5000000,   -1.0000,   -1.0000,   -1.0000,     -0.00
  CupyParallelSystem,  10000000,   -1.0000,   -1.0000,   -1.0000,     -0.00
  CupyParallelSystem,  20000000,   -1.0000,   -1.0000,   -1.0000,     -0.00
  CupyParallelSystem,      1000,   -1.0000,   -1.0000,   -1.0000,     -0.00
  CupyParallelSystem,    125000,   -1.0000,   -1.0000,   -1.0000,     -0.00
  CupyParallelSystem,    250000,   -1.0000,   -1.0000,   -1.0000,     -0.00
  CupyParallelSystem,    500000,   -1.0000,   -1.0000,   -1.0000,     -0.00
  CupyParallelSystem,    750000,   -1.0000,   -1.0000,   -1.0000,     -0.00
  CupyParallelSystem,   1250000,   -1.0000,   -1.0000,   -1.0000,     -0.00
  CupyParallelSystem,   2500000,   -1.0000,   -1.0000,   -1.0000,     -0.00
  CupyParallelSystem,   5000000,   -1.0000,   -1.0000,   -1.0000,     -0.00
  CupyParallelSystem,  10000000,   -1.0000,   -1.0000,   -1.0000,     -0.00
  CupyParallelSystem,  20000000,   -1.0000,   -1.0000,   -1.0000,     -0.00
  CupyParallelSystem,      1000,   -1.0000,   -1.0000,   -1.0000,     -0.00
  CupyParallelSystem,    125000,   -1.0000,   -1.0000,   -1.0000,     -0.00
  CupyParallelSystem,    250000,   -1.0000,   -1.0000,   -1.0000,     -0.00
  CupyParallelSystem,    500000,   -1.0000,   -1.0000,   -1.0000,     -0.00
  CupyParallelSystem,    750000,   -1.0000,   -1.0000,   -1.0000,     -0.00
  CupyParallelSystem,   1250000,   -1.0000,   -1.0000,   -1.0000,     -0.00
  CupyParallelSystem,   2500000,   -1.0000,   -1.0000,   -1.0000,     -0.00
  CupyParallelSystem,   5000000,   -1.0000,   -1.0000,   -1.0000,     -0.00
  CupyParallelSystem,  10000000,   -1.0000,   -1.0000,   -1.0000,     -0.00
  CupyParallelSystem,  20000000,   -1.0000,   -1.0000,   -1.0000,     -0.00
  CupyParallelSystem,      1000,   -1.0000,   -1.0000,   -1.0000,     -0.00
  CupyParallelSystem,    125000,   -1.0000,   -1.0000,   -1.0000,     -0.00
  CupyParallelSystem,    250000,   -1.0000,   -1.0000,   -1.0000,     -0.00
  CupyParallelSystem,    500000,   -1.0000,   -1.0000,   -1.0000,     -0.00
  CupyParallelSystem,    750000,   -1.0000,   -1.0000,   -1.0000,     -0.00
  CupyParallelSystem,   1250000,   -1.0000,   -1.0000,   -1.0000,     -0.00
  CupyParallelSystem,   2500000,   -1.0000,   -1.0000,   -1.0000,     -0.00
  CupyParallelSystem,   5000000,   -1.0000,   -1.0000,   -1.0000,     -0.00
  CupyParallelSystem,  10000000,   -1.0000,   -1.0000,   -1.0000,     -0.00
  CupyParallelSystem,  20000000,   -1.0000,   -1.0000,   -1.0000,     -0.00
  CupyParallelSystem,      1000,    0.0151,    0.0136,    0.0002,      0.02
  CupyParallelSystem,    125000,    0.0166,    0.0151,    0.0002,      0.01
  CupyParallelSystem,    250000,    0.0176,    0.0142,    0.0002,      0.05
  CupyParallelSystem,    500000,    0.0237,    0.0156,    0.0002,      0.08
  CupyParallelSystem,    750000,    0.0275,    0.0159,    0.0002,      0.04
  CupyParallelSystem,   1250000,    0.0328,    0.0145,    0.0002,      0.00
  CupyParallelSystem,   2500000,    0.0583,    0.0164,    0.0002,      0.00
  CupyParallelSystem,   5000000,    0.0974,    0.0175,    0.0002,      0.01
  CupyParallelSystem,  10000000,    0.1515,    0.0174,    0.0002,      0.02
  CupyParallelSystem,  20000000,    0.2786,    0.1140,    0.0002,      0.00
  CupyParallelSystem,      1000,    0.0085,    0.0070,    0.0002,      0.02
  CupyParallelSystem,    125000,    0.0111,    0.0091,    0.0002,      0.01
  CupyParallelSystem,    250000,    0.0156,    0.0119,    0.0002,      0.17
  CupyParallelSystem,    500000,    0.0151,    0.0085,    0.0002,      0.03
  CupyParallelSystem,    750000,    0.0180,    0.0079,    0.0002,      0.06
  CupyParallelSystem,   1250000,    0.0264,    0.0078,    0.0002,      0.03
  CupyParallelSystem,   2500000,    0.0469,    0.0077,    0.0002,      0.00
  CupyParallelSystem,   5000000,    0.0777,    0.0093,    0.0002,      0.00
  CupyParallelSystem,  10000000,    0.1321,    0.0099,    0.0002,      0.02
  CupyParallelSystem,  20000000,    0.3200,    0.1419,    0.0002,      0.21
  CupyParallelSystem,      1000,    0.0086,    0.0072,    0.0002,      0.02
  CupyParallelSystem,    125000,    0.0109,    0.0091,    0.0002,      0.01
  CupyParallelSystem,    250000,    0.0125,    0.0091,    0.0002,      0.00
  CupyParallelSystem,    500000,    0.0152,    0.0086,    0.0002,      0.03
  CupyParallelSystem,    750000,    0.0205,    0.0080,    0.0002,      0.00
  CupyParallelSystem,   1250000,    0.0291,    0.0079,    0.0002,      0.00
  CupyParallelSystem,   2500000,    0.0500,    0.0078,    0.0002,      0.00
  CupyParallelSystem,   5000000,    0.0751,    0.0093,    0.0002,      0.00
  CupyParallelSystem,  10000000,    0.1265,    0.0100,    0.0002,      0.00
  CupyParallelSystem,  20000000,    0.3190,    0.1419,    0.0002,      0.21
  CupyParallelSystem,      1000,    0.0149,    0.0134,    0.0002,      0.03
  CupyParallelSystem,    125000,    0.0166,    0.0151,    0.0002,      0.02
  CupyParallelSystem,    250000,    0.0176,    0.0142,    0.0002,      0.05
  CupyParallelSystem,    500000,    0.0237,    0.0155,    0.0002,      0.09
  CupyParallelSystem,    750000,    0.0274,    0.0159,    0.0002,      0.03
  CupyParallelSystem,   1250000,    0.0346,    0.0147,    0.0002,      0.00
  CupyParallelSystem,   2500000,    0.0599,    0.0161,    0.0002,      0.00
  CupyParallelSystem,   5000000,    0.1035,    0.0172,    0.0002,      0.03
  CupyParallelSystem,  10000000,    0.1600,    0.0172,    0.0002,      0.02
  CupyParallelSystem,  20000000,    0.2806,    0.1167,    0.0002,      0.01
  CupyParallelSystem,  10000000,    0.1812,    0.0092,    0.0002,      0.05
  CupyParallelSystem,  20000000,    0.2527,    0.0091,    0.0002,      0.02
  CupyParallelSystem,  10000000,    0.1908,    0.0091,    0.0002,      0.05
  CupyParallelSystem,  20000000,    0.2556,    0.0088,    0.0002,      0.02
  CupyParallelSystem,  10000000,    0.1814,    0.0093,    0.0002,      0.04
  CupyParallelSystem,  20000000,    0.2542,    0.0091,    0.0002,      0.02
  CupyParallelSystem,  10000000,    0.2034,    0.0193,    0.0002,      0.05
  CupyParallelSystem,  20000000,    0.2887,    0.1259,    0.0002,      0.02
  CupyParallelSystem,  10000000,    0.2099,    0.0192,    0.0002,      0.04
  CupyParallelSystem,  20000000,    0.2898,    0.1285,    0.0002,      0.01
  CupyParallelSystem,  10000000,    0.1942,    0.0201,    0.0002,      0.13
  CupyParallelSystem,  20000000,    0.2767,    0.1154,    0.0002,      0.01
  CupyParallelSystem,  10000000,    0.1762,    0.0090,    0.0002,      0.11
  CupyParallelSystem,  20000000,    0.3136,    0.1135,    0.0002,      0.33
  CupyParallelSystem,  10000000,    0.1740,    0.0090,    0.0002,      0.11
  CupyParallelSystem,  20000000,    0.3135,    0.1133,    0.0002,      0.33
  CupyParallelSystem,  40000000,    0.7592,    0.4689,    0.0002,      0.13
  CupyParallelSystem,  10000000,    0.1938,    0.0193,    0.0002,      0.12
  CupyParallelSystem,  20000000,    0.2775,    0.1151,    0.0002,      0.00
  CupyParallelSystem,  40000000,    0.7424,    0.4154,    0.0002,      0.28
  CupyParallelSystem,  10000000,    0.1892,    0.0194,    0.0002,      0.11
  CupyParallelSystem,  20000000,    0.2776,    0.1157,    0.0002,      0.01
  CupyParallelSystem,  40000000,    0.7404,    0.4157,    0.0002,      0.28
  CupyParallelSystem,  10000000,    0.1613,    0.0090,    0.0002,      0.09
  CupyParallelSystem,  20000000,    0.3138,    0.1137,    0.0002,      0.33
  CupyParallelSystem,  40000000,    0.7588,    0.4684,    0.0002,      0.13
  CupyParallelSystem,  10000000,    0.1747,    0.0090,    0.0002,      0.11
  CupyParallelSystem,  20000000,    0.3086,    0.1120,    0.0002,      0.33
  CupyParallelSystem,  10000000,    0.1635,    0.0090,    0.0002,      0.11
  CupyParallelSystem,  20000000,    0.3122,    0.1121,    0.0002,      0.32
  CupyParallelSystem,  10000000,    0.1674,    0.0092,    0.0002,      0.10
  CupyParallelSystem,  20000000,    0.3100,    0.1142,    0.0002,      0.33
  CupyParallelSystem,  10000000,    0.1872,    0.0193,    0.0002,      0.12
  CupyParallelSystem,  20000000,    0.2778,    0.1155,    0.0002,      0.01
  CupyParallelSystem,  10000000,    0.1661,    0.0096,    0.0002,      0.10
  CupyParallelSystem,  20000000,    0.3108,    0.1145,    0.0002,      0.34
  CupyParallelSystem,  10000000,    0.1664,    0.0095,    0.0002,      0.09
  CupyParallelSystem,  20000000,    0.3140,    0.1141,    0.0002,      0.33
  CupyParallelSystem,  40000000,    0.7587,    0.4686,    0.0002,      0.13
  CupyParallelSystem,  10000000,    0.1820,    0.0191,    0.0002,      0.13
  CupyParallelSystem,  20000000,    0.2753,    0.1141,    0.0002,      0.00
  CupyParallelSystem,  40000000,    0.7383,    0.4198,    0.0003,      0.28
  CupyParallelSystem,  10000000,    0.1643,    0.0092,    0.0002,      0.10
  CupyParallelSystem,  20000000,    0.3128,    0.1139,    0.0002,      0.33
  CupyParallelSystem,  40000000,    0.7723,    0.4831,    0.0002,      0.12
  CupyParallelSystem,  10000000,    0.1663,    0.0095,    0.0002,      0.10
  CupyParallelSystem,  20000000,    0.3101,    0.1137,    0.0002,      0.33
  CupyParallelSystem,  40000000,    0.7533,    0.4692,    0.0002,      0.13
  CupyParallelSystem,  10000000,    0.1261,    0.0090,    0.0002,      0.01
  CupyParallelSystem,  20000000,    0.3140,    0.1137,    0.0002,      0.33
  CupyParallelSystem,  40000000,    0.7598,    0.4687,    0.0002,      0.13
  CupyParallelSystem,  10000000,    0.1251,    0.0092,    0.0002,      0.00
  CupyParallelSystem,  20000000,    0.3107,    0.1140,    0.0002,      0.34
  CupyParallelSystem,  40000000,    0.7564,    0.4690,    0.0002,      0.13
  CupyParallelSystem,  10000000,    0.1664,    0.0091,    0.0002,      0.11
  CupyParallelSystem,  20000000,    0.3162,    0.1163,    0.0002,      0.34
  CupyParallelSystem,  40000000,    0.7540,    0.4632,    0.0002,      0.14
  CupyParallelSystem,  50000000,    0.8715,    0.5681,    0.0002,      0.03
  CupyParallelSystem,  10000000,    0.1763,    0.0197,    0.0002,      0.12
  CupyParallelSystem,  20000000,    0.2754,    0.1142,    0.0002,      0.00
  CupyParallelSystem,  40000000,    0.7381,    0.4199,    0.0002,      0.28
  CupyParallelSystem,  50000000,    0.8970,    0.5965,    0.0002,      0.24
  CupyParallelSystem,  10000000,    0.1834,    0.0037,    0.0000,      0.11
  CupyParallelSystem,  20000000,    0.2470,    0.0038,    0.0000,      0.00
  CupyParallelSystem,  40000000,    0.4931,    0.0040,    0.0000,      0.00
  CupyParallelSystem,  50000000,    0.6164,    0.0039,    0.0000,      0.00
  CupyParallelSystem,  10000000,    0.2135,    0.0077,    0.0000,      0.12
  CupyParallelSystem,  20000000,    0.2906,    0.1370,    0.0000,      0.01
  CupyParallelSystem,  40000000,    0.5721,    0.3174,    0.0000,      0.00
  CupyParallelSystem,  50000000,    0.7146,    0.5506,    0.0000,      0.00
  CupyParallelSystem,  10000000,    0.1103,    0.0003,    0.0000,      0.05
  CupyParallelSystem,  20000000,    0.1725,    0.0004,    0.0000,      0.02
  CupyParallelSystem,  40000000,    0.3393,    0.0004,    0.0000,      0.00
  CupyParallelSystem,  50000000,    0.4234,    0.0005,    0.0000,      0.00
  CupyParallelSystem,  10000000,    0.1384,    0.0005,    0.0000,      0.01
  CupyParallelSystem,  20000000,    0.2244,    0.0005,    0.0000,      0.07
  CupyParallelSystem,  40000000,    0.3443,    0.0006,    0.0000,      0.02
  CupyParallelSystem,  50000000,    0.4253,    0.0006,    0.0000,      0.00
  CupyParallelSystem,  40000000,    0.3991,    0.0007,    0.0000,      0.10
  CupyParallelSystem,   5000000,    0.0749,    0.0022,    0.0000,      0.04
  CupyParallelSystem,   5000000,    0.0429,    0.0004,    0.0000,      0.05
  CupyParallelSystem,   1250000,    0.0139,    0.0004,    0.0000,      0.00
  CupyParallelSystem,   2500000,    0.0234,    0.0004,    0.0000,      0.05
  CupyParallelSystem,   5000000,    0.0383,    0.0004,    0.0000,      0.01
  CupyParallelSystem,  10000000,    0.0776,    0.0004,    0.0000,      0.05
  CupyParallelSystem,   1250000,    0.0219,    0.0011,    0.0000,      0.04
  CupyParallelSystem,   2500000,    0.0376,    0.0014,    0.0000,      0.03
  CupyParallelSystem,   5000000,    0.0633,    0.0022,    0.0000,      0.05
  CupyParallelSystem,  10000000,    0.1043,    0.0036,    0.0000,      0.07
  CupyParallelSystem,  10000000,    0.1382,    0.0038,    0.0000,      0.06
  CupyParallelSystem,  10000000,    0.0686,    0.0005,    0.0000,      0.05
  CupyParallelSystem,  10000000,    0.1321,    0.0038,    0.0000,      0.09
  CupyParallelSystem,  10000000,    0.0507,    0.0009,    0.0000,      0.00
  CupyParallelSystem,  10000000,    0.0499,    0.0008,    0.0000,      0.02
  CupyParallelSystem,  10000000,    0.0499,    0.0008,    0.0000,      0.02
  CupyParallelSystem,  10000000,    0.0761,    0.0004,    0.0000,      0.06
  CupyParallelSystem,    125000,    1.8701,    0.0006,    0.0000,      0.00
  CupyParallelSystem,    125000,    1.8717,    0.0005,    0.0000,      0.00
  CupyParallelSystem,    250000,    3.7368,    0.0006,    0.0000,      0.00
  CupyParallelSystem,    250000,    1.8747,    0.0009,    0.0000,      0.00
  CupyParallelSystem,    250000,    1.8715,    0.0008,    0.0000,      0.00
  CupyParallelSystem,    250000,    3.7422,    0.0005,    0.0000,      0.00
  CupyParallelSystem,    250000,    3.7401,    0.0012,    0.0001,      0.00
  CupyParallelSystem,    250000,    3.8594,    0.0584,    0.0002,      0.00
  CupyParallelSystem,    250000,    3.7373,    0.0012,    0.0001,      0.00
  CupyParallelSystem,    250000,    3.8609,    0.0587,    0.0001,      0.00
  CupyParallelSystem,    250000,    3.8601,    0.0587,    0.0002,      0.00
  CupyParallelSystem,    250000,    3.8579,    0.0581,    0.0002,      0.00
  CupyParallelSystem,    250000,    3.8577,    0.0582,    0.0002,      0.00
  CupyParallelSystem,    250000,    3.8580,    0.0591,    0.0002,      0.00
  CupyParallelSystem,    250000,    1.8722,    0.0009,    0.0000,      0.00
  CupyParallelSystem,    250000,    3.8451,    0.0529,    0.0002,      0.00
  CupyParallelSystem,    250000,    4.5078,    4.5064,    0.0001,      0.00
  CupyParallelSystem,    250000,    2.5562,    2.5551,    0.0000,      0.00
  CupyParallelSystem,    250000,    2.3389,    2.3346,    0.0000,      0.00
  CupyParallelSystem,    250000,    4.4435,    4.4390,    0.0002,      0.00
  CupyParallelSystem,    250000,    4.4234,    0.2570,    0.0001,      0.00
  CupyParallelSystem,    250000,    4.4033,    4.3988,    0.0002,      0.00
  CupyParallelSystem,    250000,    4.3867,    4.3826,    0.0002,      0.00
  CupyParallelSystem,    250000,    5.0104,    5.0071,    0.0003,      0.00
  CupyParallelSystem,    250000,    4.3648,    4.3603,    0.0002,      0.00
  CupyParallelSystem,    250000,    4.3488,    4.3447,    0.0002,      0.00
  CupyParallelSystem,    250000,    5.0892,    5.0837,    0.0002,      0.00
  CupyParallelSystem,    250000,    4.4219,    4.4178,    0.0002,      0.00
  CupyParallelSystem,    250000,    4.4445,    4.4404,    0.0002,      0.00
  CupyParallelSystem,    250000,    4.4147,    4.4106,    0.0002,      0.00
  CupyParallelSystem,    250000,    4.4559,    4.4547,    0.0002,      0.00
  CupyParallelSystem,    250000,    2.7202,    2.7187,    0.0002,      0.00
  CupyParallelSystem,    250000,    2.7155,    2.7140,    0.0002,      0.00
  CupyParallelSystem,    250000,    2.6735,    2.6720,    0.0002,      0.00
  CupyParallelSystem,    250000,    4.3985,    0.2513,    0.0001,      0.00
  CupyParallelSystem,    250000,    1.5106,    0.2704,    0.0002,      0.00
  CupyParallelSystem,    250000,    0.4842,    0.2570,    0.0002,      0.00
  CupyParallelSystem,    500000,    0.0146,    0.0073,    0.0002,      0.00
  CupyParallelSystem,    750000,    0.0209,    0.0076,    0.0002,      0.00
  CupyParallelSystem,   1250000,    0.0346,    0.0070,    0.0002,      0.00
  CupyParallelSystem,   2500000,    0.0690,    0.0077,    0.0002,      0.00
  CupyParallelSystem,   5000000,    0.1145,    0.0071,    0.0002,      0.00
  CupyParallelSystem,  10000000,    0.2259,    0.0102,    0.0002,      0.00
  CupyParallelSystem,  20000000,    0.3800,    0.0071,    0.0002,      0.00
  CupyParallelSystem,      1000,    2.3226,    1.1722,    0.0003,      0.00
  CupyParallelSystem,      1000,    0.7022,    0.4740,    0.0003,      0.00
  CupyParallelSystem,    125000,    0.0189,    0.0173,    0.0002,      0.00
  CupyParallelSystem,    250000,    0.0200,    0.0184,    0.0002,      0.00
  CupyParallelSystem,    500000,    0.0222,    0.0186,    0.0002,      0.00
  CupyParallelSystem,    750000,    0.0212,    0.0152,    0.0002,      0.00
  CupyParallelSystem,   1250000,    0.0283,    0.0159,    0.0002,      0.00
  CupyParallelSystem,   2500000,    0.0535,    0.0197,    0.0002,      0.00
  CupyParallelSystem,   5000000,    0.1042,    0.0214,    0.0002,      0.00
  CupyParallelSystem,  10000000,    0.2053,    0.0262,    0.0002,      0.00
  CupyParallelSystem,  20000000,    0.3488,    0.1873,    0.0002,      0.00
  CupyParallelSystem,      1000,    0.5008,    0.2670,    0.0002,      0.00
  CupyParallelSystem,    125000,    0.0112,    0.0094,    0.0002,      0.00
  CupyParallelSystem,    250000,    0.0127,    0.0091,    0.0002,      0.00
  CupyParallelSystem,    500000,    0.0153,    0.0093,    0.0002,      0.00
  CupyParallelSystem,    750000,    0.0204,    0.0085,    0.0002,      0.00
  CupyParallelSystem,   1250000,    0.0328,    0.0100,    0.0002,      0.00
  CupyParallelSystem,   2500000,    0.0667,    0.0125,    0.0002,      0.00
  CupyParallelSystem,   5000000,    0.1205,    0.0173,    0.0002,      0.00
  CupyParallelSystem,  10000000,    0.2074,    0.0275,    0.0002,      0.00
  CupyParallelSystem,  20000000,    0.3210,    0.0398,    0.0002,      0.00
  CupyParallelSystem,      1000,    0.6858,    0.6857,    0.0000,      0.00
  CupyParallelSystem,    125000,    0.0078,    0.0070,    0.0000,      0.00
  CupyParallelSystem,    250000,    0.0096,    0.0063,    0.0000,      0.00
  CupyParallelSystem,    500000,    0.0179,    0.0069,    0.0000,      0.00
  CupyParallelSystem,    750000,    0.0248,    0.0063,    0.0000,      0.00
  CupyParallelSystem,   1250000,    0.0391,    0.0065,    0.0000,      0.00
  CupyParallelSystem,   2500000,    0.0746,    0.0074,    0.0000,      0.00
  CupyParallelSystem,   5000000,    0.1476,    0.0079,    0.0000,      0.00
  CupyParallelSystem,  10000000,    0.2482,    0.0098,    0.0000,      0.00
  CupyParallelSystem,  20000000,    0.4092,    0.0896,    0.0000,      0.00
  CupyParallelSystem,      1000,    0.6829,    0.6827,    0.0000,      0.00
  CupyParallelSystem,    125000,    0.0079,    0.0072,    0.0000,      0.00
  CupyParallelSystem,    250000,    0.0096,    0.0066,    0.0000,      0.00
  CupyParallelSystem,    500000,    0.0179,    0.0070,    0.0000,      0.00
  CupyParallelSystem,    750000,    0.0249,    0.0066,    0.0000,      0.00
  CupyParallelSystem,   1250000,    0.0392,    0.0066,    0.0000,      0.00
  CupyParallelSystem,   2500000,    0.0748,    0.0075,    0.0000,      0.00
  CupyParallelSystem,   5000000,    0.1428,    0.0080,    0.0000,      0.00
  CupyParallelSystem,  10000000,    0.2665,    0.0099,    0.0000,      0.00
  CupyParallelSystem,  20000000,    0.4381,    0.0932,    0.0000,      0.00
  CupyParallelSystem,      1000,    0.4798,    0.4797,    0.0000,      0.00
  CupyParallelSystem,    125000,    0.0048,    0.0046,    0.0000,      0.00
  CupyParallelSystem,    250000,    0.0055,    0.0043,    0.0000,      0.00
  CupyParallelSystem,    500000,    0.0080,    0.0045,    0.0000,      0.00
  CupyParallelSystem,    750000,    0.0117,    0.0041,    0.0000,      0.00
  CupyParallelSystem,   1250000,    0.0192,    0.0042,    0.0000,      0.00
  CupyParallelSystem,   2500000,    0.0389,    0.0077,    0.0000,      0.00
  CupyParallelSystem,   5000000,    0.0775,    0.0107,    0.0000,      0.00
  CupyParallelSystem,  10000000,    0.1445,    0.0148,    0.0000,      0.00
  CupyParallelSystem,  20000000,    0.2894,    0.0165,    0.0000,      0.00
  CupyParallelSystem,      1000,    0.4824,    0.4822,    0.0000,      0.00
  CupyParallelSystem,    125000,    0.0057,    0.0046,    0.0000,      0.00
  CupyParallelSystem,    250000,    0.0078,    0.0044,    0.0000,      0.00
  CupyParallelSystem,    500000,    0.0144,    0.0049,    0.0000,      0.00
  CupyParallelSystem,    750000,    0.0212,    0.0041,    0.0000,      0.00
  CupyParallelSystem,   1250000,    0.0345,    0.0045,    0.0000,      0.00
  CupyParallelSystem,   2500000,    0.0684,    0.0085,    0.0000,      0.00
  CupyParallelSystem,   5000000,    0.1362,    0.0142,    0.0000,      0.00
  CupyParallelSystem,  10000000,    0.2206,    0.0149,    0.0000,      0.00
  CupyParallelSystem,  20000000,    0.3666,    0.0165,    0.0000,      0.00
  CupyParallelSystem,      1000,    0.4731,    0.4730,    0.0000,      0.00
  CupyParallelSystem,    125000,    0.0072,    0.0064,    0.0000,      0.00
  CupyParallelSystem,    250000,    0.0085,    0.0060,    0.0000,      0.00
  CupyParallelSystem,    500000,    0.0155,    0.0060,    0.0000,      0.00
  CupyParallelSystem,    750000,    0.0214,    0.0057,    0.0000,      0.00
  CupyParallelSystem,   1250000,    0.0339,    0.0056,    0.0000,      0.00
  CupyParallelSystem,   2500000,    0.0653,    0.0066,    0.0000,      0.00
  CupyParallelSystem,   5000000,    0.1204,    0.0066,    0.0000,      0.00
  CupyParallelSystem,  10000000,    0.2055,    0.0069,    0.0000,      0.00
  CupyParallelSystem,  20000000,    0.3495,    0.0142,    0.0000,      0.00
  CupyParallelSystem,      1000,    0.2418,    0.2397,    0.0000,      0.00
  CupyParallelSystem,    125000,    0.0022,    0.0005,    0.0000,      0.00
  CupyParallelSystem,    250000,    0.0040,    0.0004,    0.0000,      0.00
  CupyParallelSystem,    500000,    0.0073,    0.0005,    0.0000,      0.00
  CupyParallelSystem,    750000,    0.0106,    0.0006,    0.0000,      0.00
  CupyParallelSystem,   1250000,    0.0164,    0.0005,    0.0000,      0.00
  CupyParallelSystem,   2500000,    0.0319,    0.0005,    0.0000,      0.00
  CupyParallelSystem,   5000000,    0.0630,    0.0005,    0.0000,      0.00
  CupyParallelSystem,  10000000,    0.1259,    0.0005,    0.0000,      0.00
  CupyParallelSystem,  20000000,    0.2102,    0.0005,    0.0000,      0.00
  CupyParallelSystem,      1000,    0.2228,    0.2226,    0.0000,      0.00
  CupyParallelSystem,    125000,    0.0022,    0.0007,    0.0000,      0.00
  CupyParallelSystem,    250000,    0.0039,    0.0007,    0.0000,      0.00
  CupyParallelSystem,    500000,    0.0075,    0.0007,    0.0000,      0.00
  CupyParallelSystem,    750000,    0.0095,    0.0007,    0.0000,      0.00
  CupyParallelSystem,   1250000,    0.0143,    0.0007,    0.0000,      0.00
  CupyParallelSystem,   2500000,    0.0261,    0.0007,    0.0000,      0.00
  CupyParallelSystem,   5000000,    0.0517,    0.0007,    0.0000,      0.00
  CupyParallelSystem,  10000000,    0.1056,    0.0007,    0.0000,      0.00
  CupyParallelSystem,  20000000,    0.1783,    0.0007,    0.0000,      0.00
  CupyParallelSystem,    250000,    4.1522,    0.2596,    0.0000,      0.00
  CupyParallelSystem,    250000,    4.1803,    4.1764,    0.0000,      0.00
  CupyParallelSystem,    250000,    4.2985,    4.2934,    0.0000,      0.00
  CupyParallelSystem,    250000,    4.6751,    0.2935,    0.0002,      0.00
  CupyParallelSystem,    250000,    4.3351,    0.2465,    0.0001,      0.00
  CupyParallelSystem,    250000,    4.0195,    4.0148,    0.0001,      0.00
  CupyParallelSystem,    250000,    4.2621,    4.2574,    0.0001,      0.00
  CupyParallelSystem,    250000,    4.0112,    0.2567,    0.0001,      0.00
  CupyParallelSystem,    250000,    2.7033,    2.7020,    0.0002,      0.00
  CupyParallelSystem,    250000,    2.5962,    2.5946,    0.0002,      0.00
  CupyParallelSystem,    250000,    4.9027,    0.8910,    0.0000,      0.00
  CupyParallelSystem,    250000,    2.6433,    2.6420,    0.0000,      0.00
  CupyParallelSystem,    250000,    4.2607,    0.2594,    0.0001,      0.00
  CupyParallelSystem,    250000,    4.2372,    0.2617,    0.0001,      0.00
  CupyParallelSystem,    250000,    2.6178,    2.6165,    0.0002,      0.00
  CupyParallelSystem,    250000,    5.5764,    5.5763,    0.0000,      0.00
  CupyParallelSystem,    250000,    3.1333,    3.1331,    0.0000,      0.00
  CupyParallelSystem,    250000,    4.6943,    0.2924,    0.0002,      0.00
  CupyParallelSystem,    250000,    2.9748,    0.4948,    0.0003,      0.00
  CupyParallelSystem,    250000,    4.2566,    0.1755,    0.0002,      0.04
  CupyParallelSystem,    250000,    2.0764,    0.0182,    0.0003,      0.00
  CupyParallelSystem,    250000,    4.1077,    4.0713,    0.0000,      0.00
  CupyParallelSystem,    250000,    2.1869,    2.1504,    0.0000,      0.00
  CupyParallelSystem,    250000,    4.5955,    1.1716,    0.0003,      0.00
  CupyParallelSystem,    250000,    3.0521,    0.4894,    0.0003,      0.00
  CupyParallelSystem,    250000,    3.0897,    0.4880,    0.0003,      0.00
  CupyParallelSystem,    250000,    3.0724,    0.4929,    0.0003,      0.00
  CupyParallelSystem,    250000,    3.0747,    0.4930,    0.0003,      0.00
  CupyParallelSystem,    250000,    4.6812,    1.2243,    0.0003,      0.00
  CupyParallelSystem,    250000,    4.6297,    1.2013,    0.0002,      0.00
  CupyParallelSystem,    250000,    3.1240,    0.5177,    0.0002,      0.00
  CupyParallelSystem,    250000,    4.6200,    0.3501,    0.0002,      0.00
  CupyParallelSystem,    250000,    4.1498,    0.0959,    0.0002,      0.02
  CupyParallelSystem,    250000,    2.0658,    0.0174,    0.0002,      0.00
  CupyParallelSystem,    250000,    0.3720,    0.0164,    0.0000,      0.06
  CupyParallelSystem,    250000,    0.2937,    0.0102,    0.0000,      0.06
  CupyParallelSystem,      1000,    3.5741,    0.0102,    0.0000,      0.00
  CupyParallelSystem,      1000,    3.1833,    2.7444,    0.0000,      0.00
  CupyParallelSystem,      1000,    3.1836,    2.7435,    0.0000,      0.00
  CupyParallelSystem,      1000,    3.1799,    2.7417,    0.0000,      0.00
  CupyParallelSystem,      1000,    4.7688,    4.4343,    0.0000,      0.00
  CupyParallelSystem,      1000,    4.7718,    4.4353,    0.0000,      0.00
  CupyParallelSystem,      1000,    4.1325,    3.8028,    0.0000,      0.00
  CupyParallelSystem,      1000,    4.1311,    3.7965,    0.0000,      0.00
  CupyParallelSystem,      1000,    3.5752,    0.0104,    0.0000,      0.00
  CupyParallelSystem,      1000,    3.7501,    0.0230,    0.0000,      0.02
  CupyParallelSystem,      1000,    3.7416,    0.0219,    0.0000,      0.02
  CupyParallelSystem,      1000,    3.5625,    0.0093,    0.0000,      0.00
  CupyParallelSystem,      1000,    3.6078,    0.0177,    0.0004,      0.00
  CupyParallelSystem,      1000,    3.4045,    0.0342,    0.0005,      0.00
  CupyParallelSystem,      1000,    3.6255,    0.0114,    0.0000,      0.00
  CupyParallelSystem,      1000,    3.8143,    0.0721,    0.0000,      0.02
  CupyParallelSystem,      1000,    3.5857,    0.0110,    0.0000,      0.00
  CupyParallelSystem,      1000,    3.6858,    0.0183,    0.0000,      0.00
  CupyParallelSystem,      1000,    3.5825,    0.0108,    0.0000,      0.00
  CupyParallelSystem,      1000,    3.5825,    0.0177,    0.0004,      0.00
  CupyParallelSystem,      1000,    3.6574,    0.0347,    0.0005,      0.00
  CupyParallelSystem,      1000,    3.6698,    0.0407,    0.0005,      0.00
  CupyParallelSystem,      1000,    3.5314,    0.0696,    0.0007,      0.00
  CupyParallelSystem,      1000,    3.5996,    0.0184,    0.0005,      0.00
  CupyParallelSystem,      1000,    3.6027,    0.0114,    0.0000,      0.00
  CupyParallelSystem,      1000,    3.6033,    0.0182,    0.0004,      0.00
  CupyParallelSystem,      1000,    0.3421,    0.0305,    0.0000,      0.01
  CupyParallelSystem,      1000,    0.3442,    0.0798,    0.0007,      0.09
  CupyParallelSystem,      1000,    1.1300,    0.0046,    0.0000,      0.00
  CupyParallelSystem,      1000,    1.1324,    0.0147,    0.0004,      0.00
  CupyParallelSystem,      1000,    0.1301,    0.0125,    0.0000,      0.00
  CupyParallelSystem,      1000,    0.1780,    0.0450,    0.0006,      0.06
  CupyParallelSystem,      1000,    1.6870,    0.5294,    0.0000,      0.00
  CupyParallelSystem,      1000,    1.4010,    0.4069,    0.0004,      0.00
  CupyParallelSystem,      1000,    0.6546,    0.5333,    0.0000,      0.00
  CupyParallelSystem,      1000,    0.6760,    0.5662,    0.0006,      0.00
  CupyParallelSystem,      1000,    4.9379,    3.6171,    0.0000,      0.00
  CupyParallelSystem,      1000,    4.1090,    1.6768,    0.0004,      0.00
  CupyParallelSystem,      1000,    3.8282,    2.5076,    0.0000,      0.00
  CupyParallelSystem,      1000,    4.1068,    1.6735,    0.0004,      0.00
  CupyParallelSystem,      1000,    0.8241,    0.7427,    0.0000,      0.00
  CupyParallelSystem,      1000,    0.8881,    0.6515,    0.0006,      0.00
  CupyParallelSystem,      1000,    4.6765,    3.3523,    0.0000,      0.00
  CupyParallelSystem,      1000,    4.1699,    2.8250,    0.0000,      0.00
  CupyParallelSystem,      1000,    3.8703,    1.4167,    0.0003,      0.00
  CupyParallelSystem,      1000,    0.8117,    0.7299,    0.0000,      0.00
  CupyParallelSystem,      1000,    1.0250,    0.7181,    0.0006,      0.00
  CupyParallelSystem,      1000,    3.5975,    0.0112,    0.0000,      0.00
  CupyParallelSystem,      1000,    3.5976,    0.0176,    0.0004,      0.00
  CupyParallelSystem,      1000,    0.3188,    0.0301,    0.0000,      0.02
  CupyParallelSystem,      1000,    0.3163,    0.0753,    0.0006,      0.04
  CupyParallelSystem,      1000,    1.0000,    0.0000,    0.0000,      0.00
  CupyParallelSystem,      1000,    1.0000,    0.0000,    0.0000,      0.00
  CupyParallelSystem,      1000,    1.0000,    0.0000,    0.0000,      0.00
  CupyParallelSystem,      1000,    1.0000,    0.0000,    0.0000,      0.00
  CupyParallelSystem,      1000,    1.0000,    0.0000,    0.0000,      0.00
  CupyParallelSystem,      1000,    1.0000,    0.0000,    0.0000,      0.00
  CupyParallelSystem,      1000,    0.3357,    0.0104,    0.0000,      0.09
  CupyParallelSystem,      1000,    0.3387,    0.0194,    0.0003,      0.09
  CupyParallelSystem,      1000,    0.3302,    0.0304,    0.0000,      0.02
  CupyParallelSystem,      1000,    0.3208,    0.0787,    0.0006,      0.05
  CupyParallelSystem,      1000,    0.1686,    0.0045,    0.0000,      0.06
  CupyParallelSystem,      1000,    0.1616,    0.0129,    0.0003,      0.05
  CupyParallelSystem,      1000,    0.1342,    0.0117,    0.0000,      0.03
  CupyParallelSystem,      1000,    0.1356,    0.0432,    0.0006,      0.03
                Cupy,      1000,    0.3215,    0.0010,    0.0000,      0.10
                Cupy,      1000,    0.3208,    0.0009,    0.0000,      0.10
                Cupy,      1000,    0.2563,    0.0009,    0.0000,      0.00
                Cupy,      1000,    0.2563,    0.0009,    0.0000,      0.00
                Cupy,      1000,    0.2844,    0.0009,    0.0000,      0.08
                Cupy,      1000,    0.3289,    0.0010,    0.0000,      0.10
                Cupy,      1000,    0.1609,    0.0005,    0.0000,      0.05
                Cupy,      1000,    0.1701,    0.0004,    0.0000,      0.06
  CupyParallelSystem,      1000,    0.3440,    0.0110,    0.0000,      0.09
  CupyParallelSystem,      1000,    0.3964,    0.0294,    0.0000,      0.09
  CupyParallelSystem,      1000,    0.3842,    0.0298,    0.0000,      0.08
  CupyParallelSystem,      1000,    0.1657,    0.0131,    0.0003,      0.05
  CupyParallelSystem,      1000,    0.1783,    0.0444,    0.0005,      0.05
  CupyParallelSystem,      1000,    0.3665,    0.0830,    0.0007,      0.09
  CupyParallelSystem,      1000,    0.2783,    0.0216,    0.0003,      0.00
  CupyParallelSystem,      1000,    0.3471,    0.0233,    0.0003,      0.09
                Cupy,      1000,    0.3213,    0.0010,    0.0000,      0.09
  CupyParallelSystem,      1000,    0.3342,    0.0801,    0.0006,      0.15
  CupyParallelSystem,      1000,    0.3267,    0.0211,    0.0003,      0.14
  CupyParallelSystem,      1000,    0.2775,    0.0211,    0.0003,      0.00
  CupyParallelSystem,      1000,    0.2968,    0.0774,    0.0007,      0.14
  CupyParallelSystem,      1000,    0.1517,    0.0175,    0.0000,      0.16
  CupyParallelSystem,      1000,    0.1472,    0.0097,    0.0000,      0.16
  CupyParallelSystem,      1000,    0.0587,    0.0022,    0.0000,      0.15
  CupyParallelSystem,      1000,    0.5371,    0.5338,    0.0000,      0.00
  CupyParallelSystem,      1000,    0.3101,    0.3020,    0.0000,      0.00
  CupyParallelSystem,      1000,    0.5094,    0.5044,    0.0000,      0.00
  CupyParallelSystem,      1000,    0.3058,    0.2976,    0.0000,      0.00
  CupyParallelSystem,      1000,    0.3128,    0.3046,    0.0000,      0.00
  CupyParallelSystem,      1000,    0.5095,    0.5022,    0.0000,      0.00
  CupyParallelSystem,      1000,    0.1009,    0.0197,    0.0007,      0.05
  CupyParallelSystem,      1000,    0.3345,    0.0365,    0.0007,      0.08
  CupyParallelSystem,      1000,    0.3398,    0.0366,    0.0021,      0.08
  CupyParallelSystem,      1000,    0.3711,    0.0157,    0.0000,      0.08
                Cupy,      1000,    0.3268,    0.0009,    0.0000,      0.10
                Cupy,      1000,    0.1631,    0.0004,    0.0000,      0.05
                Cupy,      1000,    0.1578,    0.0004,    0.0000,      0.05
  CupyParallelSystem,      1000,    0.0967,    0.0216,    0.0008,      0.02
  CupyParallelSystem,      1000,    0.1831,    0.0069,    0.0000,      0.05
  CupyParallelSystem,      1000,    0.1820,    0.0067,    0.0000,      0.05
  CupyParallelSystem,      1000,    0.1073,    0.0203,    0.0007,      0.04
                Cupy,      1000,    0.1619,    0.0004,    0.0000,      0.06
                Cupy,      1000,    0.3215,    0.0009,    0.0000,      0.10
                Cupy,      1000,    0.3265,    0.0008,    0.0000,      0.11
  CupyParallelSystem,      1000,    0.3347,    0.0359,    0.0021,      0.08
  CupyParallelSystem,      1000,    0.1132,    0.0208,    0.0013,      0.05
  CupyParallelSystem,      1000,    0.1104,    0.0197,    0.0014,      0.05
  CupyParallelSystem,      1000,    0.1133,    0.0198,    0.0013,      0.05
  CupyParallelSystem,      1000,    0.1738,    0.0067,    0.0000,      0.04
                Cupy,      1000,    0.1588,    0.0004,    0.0000,      0.05
  CupyParallelSystem,      1000,    0.1132,    0.0212,    0.0014,      0.05
  CupyParallelSystem,      1000,    0.1053,    0.0205,    0.0005,      0.03
  CupyParallelSystem,      1000,    0.1067,    0.0211,    0.0006,      0.05
  CupyParallelSystem,      1000,    0.5815,    0.5810,    0.0006,      0.00
  CupyParallelSystem,      1000,    0.5862,    0.5856,    0.0016,      0.00
  CupyParallelSystem,      1000,    0.4441,    0.3199,    0.0003,      0.00
  CupyParallelSystem,      1000,    0.5744,    0.5739,    0.0017,      0.00
  CupyParallelSystem,      1000,    0.5811,    0.5805,    0.0017,      0.00
  CupyParallelSystem,      1000,    0.0985,    0.0216,    0.0004,      0.05
  CupyParallelSystem,      1000,    0.0832,    0.0215,    0.0004,      0.00
  CupyParallelSystem,      1000,    0.3396,    0.0371,    0.0005,      0.00
  CupyParallelSystem,      1000,    0.3252,    0.0362,    0.0005,      0.08
  CupyParallelSystem,      1000,    0.0993,    0.0215,    0.0005,      0.05
  CupyParallelSystem,      1000,    1.3062,    1.3051,    0.0017,      0.00
  CupyParallelSystem,      1000,    0.5624,    0.5619,    0.0018,      0.00
  CupyParallelSystem,      1000,    0.5678,    0.5673,    0.0017,      0.00
  CupyParallelSystem,      1000,    0.5851,    0.5846,    0.0017,      0.00
  CupyParallelSystem,      1000,    0.5640,    0.5635,    0.0019,      0.00
  CupyParallelSystem,      1000,    0.5616,    0.5611,    0.0019,      0.00
  CupyParallelSystem,      1000,    0.5778,    0.5773,    0.0018,      0.00
  CupyParallelSystem,      1000,    0.5630,    0.5625,    0.0017,      0.00
  CupyParallelSystem,      1000,    0.5720,    0.5715,    0.0017,      0.00
  CupyParallelSystem,      1000,    0.5594,    0.5590,    0.0017,      0.00
  CupyParallelSystem,      1000,    0.5494,    0.4944,    0.0020,      0.00
  CupyParallelSystem,      1000,    0.5494,    0.4934,    0.0019,      0.00
  CupyParallelSystem,      1000,    0.0976,    0.0199,    0.0004,      0.03
  CupyParallelSystem,      1000,    0.0924,    0.0196,    0.0004,      0.03
  CupyParallelSystem,      1000,    0.0758,    0.0198,    0.0004,      0.04
  CupyParallelSystem,      1000,    0.3193,    0.0327,    0.0005,      0.08
  CupyParallelSystem,      1000,    0.3048,    0.0329,    0.0236,      0.07
  CupyParallelSystem,      1000,    0.3180,    0.0335,    0.0238,      0.08
  CupyParallelSystem,      1000,    0.8768,    0.5730,    0.5096,      0.00
  CupyParallelSystem,      1000,    0.8654,    0.5667,    0.5033,      0.00
  CupyParallelSystem,      1000,    0.8766,    0.5718,    0.5067,      0.00
  CupyParallelSystem,      1000,    0.8931,    0.5704,    0.5072,      0.00
  CupyParallelSystem,      1000,    0.8650,    0.5683,    0.5060,      0.00
  CupyParallelSystem,      1000,    0.8783,    0.5759,    0.5129,      0.00
  CupyParallelSystem,      1000,    0.8902,    0.5830,    0.5216,      0.00
  CupyParallelSystem,      1000,    0.8960,    0.5778,    0.5161,      0.00
  CupyParallelSystem,      1000,    0.8940,    0.5765,    0.5143,      0.00
  CupyParallelSystem,      1000,    0.9025,    0.5795,    0.5173,      0.00
  CupyParallelSystem,      1000,    0.9046,    0.5786,    0.5168,      0.00
  CupyParallelSystem,      1000,    0.9047,    0.5827,    0.5201,      0.00
  CupyParallelSystem,      1000,    0.8872,    0.5816,    0.5184,      0.00
  CupyParallelSystem,      1000,    0.8832,    0.5800,    0.5149,      0.00
  CupyParallelSystem,      1000,    0.8844,    0.5793,    0.5165,      0.00
  CupyParallelSystem,      1000,    0.9027,    0.5842,    0.5210,      0.00
  CupyParallelSystem,      1000,    0.9031,    0.5773,    0.5139,      0.00
  CupyParallelSystem,      1000,    1.6646,    1.3577,    1.2999,      0.00
  CupyParallelSystem,      1000,    0.8797,    0.5682,    0.5050,      0.00
  CupyParallelSystem,      1000,    0.8963,    0.5877,    0.5248,      0.00
  CupyParallelSystem,      1000,    0.8951,    0.5802,    0.5164,      0.00
  CupyParallelSystem,      1000,    0.8961,    0.5734,    0.5095,      0.00
  CupyParallelSystem,      1000,    0.8777,    0.5657,    0.5027,      0.00
  CupyParallelSystem,      1000,    1.6421,    1.3255,    1.2660,      0.00
  CupyParallelSystem,      1000,    0.8682,    0.5739,    0.5111,      0.00
  CupyParallelSystem,      1000,    0.8830,    0.5676,    0.5047,      0.00
  CupyParallelSystem,      1000,    0.8247,    0.5616,    0.5020,      0.00
  CupyParallelSystem,      1000,    0.8704,    0.5661,    0.5032,      0.00
  CupyParallelSystem,      1000,    0.8738,    0.5695,    0.5067,      0.00
  CupyParallelSystem,      1000,    0.8801,    0.5686,    0.5049,      0.00
  CupyParallelSystem,      1000,    0.8614,    0.5638,    0.5009,      0.00
  CupyParallelSystem,      1000,    0.7997,    0.5634,    0.5007,      0.00
  CupyParallelSystem,      1000,    0.8793,    0.5697,    0.5048,      0.00
  CupyParallelSystem,      1000,    0.8758,    0.5781,    0.5150,      0.00
  CupyParallelSystem,      1000,    0.8306,    0.5683,    0.5071,      0.00
  CupyParallelSystem,      1000,    0.8348,    0.5642,    0.5030,      0.00
  CupyParallelSystem,      1000,    0.2742,    0.0317,    0.0227,      0.07
                Cupy,      1000,    0.3253,    0.0008,    0.0000,      0.10
  CupyParallelSystem,      1000,    0.3432,    0.0196,    0.0140,      0.10
  CupyParallelSystem,      1000,    0.2770,    0.0326,    0.0234,      0.08
  CupyParallelSystem,      1000,    0.3459,    0.0143,    0.0000,      0.08
  CupyParallelSystem,      1000,    0.8219,    0.5676,    0.5062,      0.00
  CupyParallelSystem,      1000,    0.7652,    0.5670,    0.5056,      0.00
  CupyParallelSystem,      1000,    0.7564,    0.5592,    0.4979,      0.00
  CupyParallelSystem,      1000,    0.2304,    0.0347,    0.0256,      0.07
  CupyParallelSystem,      1000,    0.2276,    0.0378,    0.0279,      0.07
  CupyParallelSystem,      1000,    0.7634,    0.5641,    0.5039,      0.00
  CupyParallelSystem,      1000,    0.7646,    0.5632,    0.5012,      0.00
  CupyParallelSystem,      1000,    0.7516,    0.5617,    0.5016,      0.00
  CupyParallelSystem,      1000,    1.0737,    0.5669,    0.5064,      0.00
  CupyParallelSystem,      1000,    0.2201,    0.0333,    0.0247,      0.06
  CupyParallelSystem,      5000,    0.5400,    0.0387,    0.0294,      0.05
                Cupy,      5000,    0.9845,    0.0009,    0.0000,      0.00
  CupyParallelSystem,      1000,    0.6090,    0.0221,    0.0004,      0.02
                Cupy,      1000,    1.1235,    0.0005,    0.0000,      0.00
                Cupy,      5000,    0.9848,    0.0009,    0.0000,      0.00
                Cupy,      5000,    0.9851,    0.0009,    0.0000,      0.00
                Cupy,      5000,    0.9861,    0.0010,    0.0000,      0.00
  CupyParallelSystem,      1000,    2.0090,    0.0331,    0.0238,      0.00
                Cupy,      1000,    3.2535,    0.0009,    0.0000,      0.00
  CupyParallelSystem,      1000,    2.0103,    0.0392,    0.0243,      0.00
  CupyParallelSystem,      1000,    2.8627,    1.9768,    1.4312,      0.00
  CupyParallelSystem,      1000,    2.8589,    1.9717,    1.4254,      0.00
  CupyParallelSystem,      1000,    2.8405,    1.9500,    1.4079,      0.00
  CupyParallelSystem,      1000,    2.8496,    1.9611,    1.4125,      0.00
  CupyParallelSystem,      1000,    2.8189,    1.9301,    1.3905,      0.00
  CupyParallelSystem,      1000,    2.8418,    1.9562,    1.4106,      0.00
  CupyParallelSystem,      1000,    2.8052,    1.9196,    1.3837,      0.00
  CupyParallelSystem,      1000,    2.8615,    1.9730,    1.4240,      0.00
  CupyParallelSystem,      1000,    2.8034,    1.9164,    1.3816,      0.00
  CupyParallelSystem,      1000,    2.8762,    1.9882,    1.4371,      0.00
  CupyParallelSystem,      1000,    2.8154,    1.9285,    1.3884,      0.00
  CupyParallelSystem,      1000,    2.8132,    1.9256,    1.3851,      0.00
  CupyParallelSystem,      1000,    2.8094,    1.9194,    1.3813,      0.00
  CupyParallelSystem,      1000,    2.8425,    1.9550,    1.4111,      0.00
  CupyParallelSystem,      1000,    2.8825,    1.9943,    1.4450,      0.00
  CupyParallelSystem,      1000,    3.5276,    2.6396,    2.0899,      0.00
  CupyParallelSystem,      1000,    2.8183,    1.9282,    1.3780,      0.00
  CupyParallelSystem,      1000,    1.9938,    0.0334,    0.0195,      0.00
  CupyParallelSystem,      1000,    1.9897,    0.0345,    0.0201,      0.00
  CupyParallelSystem,      1000,    1.9926,    0.0337,    0.0196,      0.00
  CupyParallelSystem,      1000,    2.8086,    1.9189,    1.3712,      0.00
  CupyParallelSystem,      1000,    2.7420,    1.9110,    1.3648,      0.00
  CupyParallelSystem,      1000,    2.7548,    1.9214,    1.3733,      0.00
  CupyParallelSystem,      1000,    2.7804,    1.9476,    1.3950,      0.00
  CupyParallelSystem,      1000,    3.5059,    2.6805,    2.1109,      0.00
  CupyParallelSystem,      1000,    2.8136,    1.9752,    1.4216,      0.00
  CupyParallelSystem,      1000,    2.8177,    1.9826,    1.4279,      0.00
  CupyParallelSystem,      1000,    2.7384,    1.9017,    1.3634,      0.00
  CupyParallelSystem,      1000,    2.8171,    1.9860,    1.4280,      0.00
  CupyParallelSystem,      1000,    2.8802,    2.0407,    1.4749,      0.00
  CupyParallelSystem,      1000,    2.7808,    1.9384,    1.3860,      0.00
  CupyParallelSystem,      1000,    1.9223,    0.0348,    0.0202,      0.00
                Cupy,      1000,    3.2434,    0.0009,    0.0000,      0.00
  CupyParallelSystem,      1000,    1.9147,    0.0336,    0.0198,      0.00
  CupyParallelSystem,      1000,    1.9144,    0.0349,    0.0210,      0.00
  CupyParallelSystem,      1000,    1.9462,    0.0346,    0.0203,      0.00
  CupyParallelSystem,      1000,    2.8022,    1.4376,    1.4177,      0.00
  CupyParallelSystem,      1000,    2.7698,    1.4135,    1.3933,      0.00
  CupyParallelSystem,      1000,    2.8202,    1.4041,    1.3824,      0.00
  CupyParallelSystem,      1000,    2.0074,    0.0339,    0.0205,      0.00
  CupyParallelSystem,       500,    0.7265,    0.0303,    0.0178,      0.05
                Cupy,       500,    0.9474,    0.0009,    0.0000,      0.00
                Cupy,       500,    0.9457,    0.0010,    0.0000,      0.00
                Cupy,       500,    1.0084,    0.0009,    0.0000,      0.00
  CupyParallelSystem,       500,    0.7594,    0.0299,    0.0176,      0.03
  CupyParallelSystem,       500,    1.5446,    0.9193,    0.9001,      0.00
  CupyParallelSystem,       500,    1.1603,    0.4767,    0.4605,      0.34
  CupyParallelSystem,       500,    1.1627,    0.4738,    0.4574,      0.33
  CupyParallelSystem,       500,    2.8896,    0.0309,    0.0183,      0.00
  CupyParallelSystem,       500,    2.8985,    0.0315,    0.0186,      0.00
                Cupy,       500,    4.0304,    0.0010,    0.0000,      0.00
                Cupy,       100,    1.0484,    0.0009,    0.0000,      0.00
  CupyParallelSystem,       100,    1.3908,    0.0298,    0.0180,      0.01
  CupyParallelSystem,      1000,    4.8035,    0.0321,    0.0187,      0.00
                Cupy,      1000,    7.8845,    0.0011,    0.0000,      0.00
                Cupy,      1000,    3.2500,    0.0010,    0.0000,      0.00
  CupyParallelSystem,      1000,    1.9407,    0.0353,    0.0208,      0.00
  CupyParallelSystem,      1000,    1.7978,    0.0365,    0.0215,      0.00
  CupyParallelSystem,       500,    1.2143,    0.0315,    0.0183,      0.00
                Cupy,       500,    1.7791,    0.0010,    0.0000,      0.00
  CupyParallelSystem,       500,    2.0354,    1.0684,    1.0484,      0.00
  CupyParallelSystem,      1000,    2.4011,    0.0347,    0.0203,      0.00
                Cupy,      1000,    3.9892,    0.0010,    0.0000,      0.00
  CupyParallelSystem,      2000,    4.3910,    0.0383,    0.0226,      0.00
                Cupy,      2000,    7.8955,    0.0011,    0.0000,      0.00
  CupyParallelSystem,      2000,    5.4961,    0.0375,    0.0221,      0.00
                Cupy,      2000,    9.8228,    0.0011,    0.0000,      0.00
  CupyParallelSystem,      2000,    5.4909,    0.0378,    0.0223,      0.00
                Cupy,      2000,    9.8211,    0.0010,    0.0000,      0.00
  CupyParallelSystem,      1000,    1.9263,    0.0337,    0.0197,      0.00
                Cupy,      1000,    3.2529,    0.0011,    0.0000,      0.00
  CupyParallelSystem,      1000,    2.8298,    1.4699,    1.4496,      0.00
  CupyParallelSystem,      1000,   33.7052,   32.9924,   32.5245,      0.00
  CupyParallelSystem,      1000,    1.0845,    0.7981,    0.7755,      0.00
  CupyParallelSystem,      1000,    0.3218,    0.0347,    0.0206,      0.02
  CupyParallelSystem,      1000,    0.3341,    0.0236,    0.0136,      0.01
  CupyParallelSystem,      1000,    0.5674,    0.0218,    0.0118,      0.00
  CupyParallelSystem,      1000,    0.5351,    0.0323,    0.0191,      0.00
                Cupy,      1000,    0.1031,    0.0012,    0.0000,      0.01
  CupyParallelSystem,      1000,    2.1555,    0.0314,    0.0175,      0.00
                Cupy,      1000,    0.4173,    0.0012,    0.0000,      0.01
  CupyParallelSystem,      1000,    1.0465,    0.0308,    0.0174,      0.00
                Cupy,      1000,    0.2152,    0.0011,    0.0000,      0.01
  CupyParallelSystem,      1000,    0.2188,    0.0341,    0.0210,      0.03
                Cupy,      1000,    0.0521,    0.0010,    0.0000,      0.00
  CupyParallelSystem,      1000,    0.2798,    0.0337,    0.0209,      0.02
                Cupy,      1000,    0.0604,    0.0010,    0.0000,      0.02
  CupyParallelSystem,      2000,    0.3027,    0.0368,    0.0226,      0.01
                Cupy,      2000,    0.1124,    0.0010,    0.0000,      0.00
  CupyParallelSystem,      3000,    0.3291,    0.0409,    0.0247,      0.00
                Cupy,      3000,    0.1667,    0.0010,    0.0000,      0.00
  CupyParallelSystem,      4000,    0.3508,    0.0427,    0.0258,      0.00
                Cupy,      4000,    0.2255,    0.0011,    0.0000,      0.00
  CupyParallelSystem,      5000,    0.3777,    0.0477,    0.0287,      0.00
                Cupy,      5000,    0.2867,    0.0011,    0.0000,      0.00
  CupyParallelSystem,      6000,    0.4609,    0.1471,    0.0393,      0.01
                Cupy,      6000,    0.3393,    0.0011,    0.0000,      0.00
  CupyParallelSystem,      5000,    0.7550,    0.0475,    0.0277,      0.01
                Cupy,      5000,    0.5354,    0.0010,    0.0000,      0.00
  CupyParallelSystem,      5000,    0.2050,    0.0449,    0.0283,      0.03
                Cupy,      5000,    0.1553,    0.0011,    0.0000,      0.00
  CupyParallelSystem,      5000,    0.8985,    0.4214,    0.3516,      0.01
                Cupy,      5000,    0.4877,    0.0010,    0.0000,      0.00
  CupyParallelSystem,      5000,    1.3657,    0.8902,    0.8551,      0.00
  CupyParallelSystem,      2000,    1.2260,    0.8229,    0.7960,      0.00
  CupyParallelSystem,      2000,    0.4645,    0.0416,    0.0265,      0.00
                Cupy,      2000,    0.1966,    0.0012,    0.0000,      0.00
  CupyParallelSystem,      2000,    0.8766,    0.0421,    0.0252,      0.00
                Cupy,      2000,    0.3661,    0.0011,    0.0000,      0.00
  CupyParallelSystem,      2000,    1.7816,    0.3695,    0.2556,      0.01
  CupyParallelSystem,      5000,    0.5798,    0.0472,    0.0297,      0.00
                Cupy,      5000,    0.4327,    0.0010,    0.0000,      0.01
  CupyParallelSystem,      5000,    1.2268,    0.2831,    0.0410,      0.00
                Cupy,      5000,    0.8503,    0.0010,    0.0000,      0.00
  CupyParallelSystem,      5000,    1.0915,    0.2716,    0.0411,      0.00
                Cupy,      5000,    0.7538,    0.0010,    0.0000,      0.00
  CupyParallelSystem,      5000,    0.4961,    0.0466,    0.0289,      0.00
                Cupy,      5000,    0.3853,    0.0010,    0.0000,      0.01
  CupyParallelSystem,      5000,    1.1957,    0.4515,    0.3802,      0.03
                Cupy,      5000,    0.7247,    0.0011,    0.0000,      0.00
  CupyParallelSystem,      5000,    0.7370,    0.3622,    0.2950,      0.02
                Cupy,      5000,    0.4018,    0.0011,    0.0000,      0.01
  CupyParallelSystem,      5000,    0.2580,    0.0463,    0.0292,      0.01
                Cupy,      5000,    0.2050,    0.0011,    0.0000,      0.01
  CupyParallelSystem,      5000,    0.2955,    0.0454,    0.0281,      0.01
                Cupy,      5000,    0.2332,    0.0011,    0.0000,      0.00
  CupyParallelSystem,      5000,    0.1378,    0.0463,    0.0300,      0.09
                Cupy,      5000,    0.1181,    0.0010,    0.0000,      0.01
  CupyParallelSystem,      5000,    0.0870,    0.0455,    0.0290,      0.15
                Cupy,      5000,    0.0775,    0.0011,    0.0000,      0.00
  CupyParallelSystem,      5000,    0.3636,    0.2736,    0.2016,      0.05
                Cupy,      5000,    0.1582,    0.0011,    0.0000,      0.01
  CupyParallelSystem,      5000,    0.0799,    0.0447,    0.0281,      0.15
                Cupy,      5000,    0.0831,    0.0011,    0.0000,      0.01
  CupyParallelSystem,      5000,    0.1243,    0.0462,    0.0289,      0.10
                Cupy,      5000,    0.0962,    0.0011,    0.0000,      0.01
  CupyParallelSystem,      5000,    0.0553,    0.0463,    0.0291,      0.25
                Cupy,      5000,    0.0608,    0.0012,    0.0000,      0.00
  CupyParallelSystem,      5000,    0.0507,    0.0447,    0.0281,      0.25
                Cupy,      5000,    0.0524,    0.0010,    0.0000,      0.00
  CupyParallelSystem,      6000,    0.0587,    0.0466,    0.0295,      0.24
                Cupy,      6000,    0.0694,    0.0013,    0.0000,      0.00
  CupyParallelSystem,     10000,    0.3641,    0.3452,    0.2676,      0.03
  CupyParallelSystem,      8000,    0.2335,    0.2181,    0.1636,      0.15
                Cupy,      8000,    0.0925,    0.0011,    0.0000,      0.01
  CupyParallelSystem,      7000,    0.2087,    0.1948,    0.0991,      0.22
                Cupy,      7000,    0.0840,    0.0010,    0.0000,      0.02
  CupyParallelSystem,      6000,    0.0583,    0.0461,    0.0292,      0.24
                Cupy,      6000,    0.0688,    0.0011,    0.0000,      0.00
  CupyParallelSystem,      6000,    0.7994,    0.7727,    0.7475,      0.00
  CupyParallelSystem,      7000,    0.8033,    0.7822,    0.7561,      0.00
  CupyParallelSystem,      6000,    0.1291,    0.1156,    0.0730,      0.00
                Cupy,      6000,    0.0699,    0.0011,    0.0000,      0.02
  CupyParallelSystem,      5000,    0.1440,    0.1018,    0.0771,      0.00
                Cupy,      5000,    0.0246,    0.0010,    0.0000,      0.00
  CupyParallelSystem,      5000,    0.1696,    0.0368,    0.0279,      0.03
                Cupy,      5000,    0.0797,    0.0010,    0.0000,      0.00
  CupyParallelSystem,      5000,    0.6275,    0.0352,    0.0249,      0.00
                Cupy,      5000,    0.3099,    0.0010,    0.0000,      0.01
  CupyParallelSystem,      5000,    0.1175,    0.0378,    0.0285,      0.05
                Cupy,      5000,    0.0525,    0.0010,    0.0000,      0.01
  CupyParallelSystem,      5000,    0.1165,    0.0373,    0.0282,      0.05
                Cupy,      5000,    0.0561,    0.0011,    0.0000,      0.00
  CupyParallelSystem,      5000,    1.1982,    0.0444,    0.0332,      0.04
                Cupy,      5000,    0.7369,    0.0011,    0.0000,      0.00
  CupyParallelSystem,      2000,    0.9272,    0.0370,    0.0265,      0.00
                Cupy,      2000,    0.2969,    0.0011,    0.0000,      0.00
  CupyParallelSystem,      6000,    1.2485,    0.1147,    0.0360,      0.02
                Cupy,      6000,    0.9005,    0.0021,    0.0000,      0.00
  CupyParallelSystem,      8000,    1.4813,    0.3241,    0.2934,      0.00
                Cupy,      8000,    1.1218,    0.0011,    0.0000,      0.01
  CupyParallelSystem,     10000,    1.6241,    0.2978,    0.2620,      0.01
                Cupy,     10000,    1.3907,    0.0012,    0.0000,      0.02
  CupyParallelSystem,     10000,    1.2955,    0.2247,    0.2043,      0.01
                Cupy,     10000,    1.4083,    0.0011,    0.0000,      0.00
  CupyParallelSystem,     10000,    0.7848,    0.1088,    0.0810,      0.08
                Cupy,     10000,    0.8588,    0.0010,    0.0000,      0.02
  CupyParallelSystem,     10000,    0.9451,    0.0488,    0.0369,      0.03
                Cupy,     10000,    0.8483,    0.0011,    0.0000,      0.01
  CupyParallelSystem,     12000,    0.9338,    0.1658,    0.0482,      0.01
                Cupy,     12000,    0.8783,    0.0011,    0.0000,      0.01
  CupyParallelSystem,     14000,    0.9756,    0.3236,    0.2699,      0.00
                Cupy,     14000,    0.9782,    0.0010,    0.0000,      0.00
  CupyParallelSystem,     14000,    1.7381,    1.0564,    0.9124,      0.00
  CupyParallelSystem,     14000,    1.7183,    1.0471,    0.9022,      0.00
  CupyParallelSystem,     14000,    1.7646,    1.0704,    0.9190,      0.00
  CupyParallelSystem,     14000,    1.7774,    1.0762,    0.9355,      0.00
  CupyParallelSystem,     14000,    1.7198,    1.0523,    0.9076,      0.00
  CupyParallelSystem,     14000,    2.3197,    1.7460,    1.6593,      0.00
  CupyParallelSystem,     14000,    2.3201,    1.7301,    1.6543,      0.00
  CupyParallelSystem,     14000,    0.9728,    0.3105,    0.2738,      0.00
                Cupy,     14000,    0.9536,    0.0012,    0.0000,      0.02
  CupyParallelSystem,     14000,    0.7053,    0.1024,    0.0757,      0.08
                Cupy,     14000,    0.9562,    0.0011,    0.0000,      0.02
  CupyParallelSystem,    250000,    0.0404,    0.0022,    0.0001,      0.01
  CupyParallelSystem,    250000,    0.0399,    0.0022,    0.0001,      0.01
                Cupy,    250000,    0.0393,    0.0001,    0.0000,      0.01
                Cupy,    250000,    0.0411,    0.0001,    0.0000,      0.00
                Cupy,   1250000,    0.2321,    0.0001,    0.0000,      0.00
                Cupy,   1250000,    0.2332,    0.0001,    0.0000,      0.00
  CupyParallelSystem,   1250000,    0.1846,    0.0009,    0.0000,      0.01
                Cupy,   1250000,    0.2330,    0.0001,    0.0000,      0.00
  CupyParallelSystem,    250000,    0.0813,    0.0006,    0.0000,      0.00
                Cupy,    250000,    0.0401,    0.0001,    0.0000,      0.00
  CupyParallelSystem,    750000,    0.2157,    0.0006,    0.0000,      0.00
                Cupy,    750000,    0.1021,    0.0001,    0.0000,      0.00
  CupyParallelSystem,    750000,    0.2151,    0.0006,    0.0000,      0.00
                Cupy,    750000,    0.1020,    0.0001,    0.0000,      0.00
  CupyParallelSystem,         1,    0.0014,    0.0005,    0.0000,      0.11
                Cupy,         1,    0.0000,    0.0000,    0.0000,      0.09
  CupyParallelSystem,    750000,    0.2059,    0.0007,    0.0000,      0.01
                Cupy,    750000,    0.1013,    0.0001,    0.0000,      0.00
  CupyParallelSystem,         1,    0.0014,    0.0005,    0.0000,      0.07
                Cupy,         1,    0.0000,    0.0000,    0.0000,      0.07
  CupyParallelSystem,    750000,    0.2054,    0.0005,    0.0000,      0.00
                Cupy,    750000,    0.1014,    0.0001,    0.0000,      0.00
  CupyParallelSystem,         1,    0.0014,    0.0005,    0.0000,      0.10
                Cupy,         1,    0.0000,    0.0000,    0.0000,      0.09
  CupyParallelSystem,    750000,    0.2080,    0.0005,    0.0000,      0.02
                Cupy,    750000,    0.1013,    0.0001,    0.0000,      0.00
  CupyParallelSystem,         1,    0.0128,    0.0072,    0.0000,      0.00
                Cupy,         1,    0.0081,    0.0000,    0.0000,      0.01
                Cupy,    750000,    0.2345,    0.0000,    0.0000,      0.00
  CupyParallelSystem,         1,    0.0128,    0.0073,    0.0000,      0.00
                Cupy,         1,    0.0080,    0.0000,    0.0000,      0.00
  CupyParallelSystem,         1,    0.0114,    0.0071,    0.0000,      0.00
  CupyParallelSystem,    500000,    0.2514,    0.2444,    0.0000,      0.00
  CupyParallelSystem,         1,    0.0128,    0.0072,    0.0000,      0.00
                Cupy,         1,    0.0080,    0.0000,    0.0000,      0.00
  CupyParallelSystem,    500000,    0.2510,    0.2441,    0.0000,      0.00
                Cupy,    500000,    0.1589,    0.0000,    0.0000,      0.00
  CupyParallelSystem,    500000,    0.2510,    0.2457,    0.0000,      0.00
                Cupy,    500000,    0.1591,    0.0000,    0.0000,      0.00
  CupyParallelSystem,    500000,    0.2513,    0.2458,    0.0000,      0.00
                Cupy,    500000,    0.1592,    0.0000,    0.0000,      0.00
  CupyParallelSystem,    500000,    0.2513,    0.2460,    0.0000,      0.00
                Cupy,    500000,    0.1589,    0.0000,    0.0000,      0.00
  CupyParallelSystem,    500000,    0.1600,    0.1555,    0.0000,      0.00
                Cupy,    500000,    0.1594,    0.0000,    0.0000,      0.00
  CupyParallelSystem,    500000,    0.1592,    0.1537,    0.0000,      0.00
                Cupy,    500000,    0.1591,    0.0000,    0.0000,      0.00
  CupyParallelSystem,    500000,    0.1257,    0.1202,    0.0000,      0.00
                Cupy,    500000,    0.1592,    0.0000,    0.0000,      0.00
  CupyParallelSystem,    500000,    0.1591,    0.1536,    0.0000,      0.00
                Cupy,    500000,    0.1591,    0.0000,    0.0000,      0.00
  CupyParallelSystem,    500000,    0.1258,    0.1203,    0.0000,      0.00
                Cupy,    500000,    0.1592,    0.0000,    0.0000,      0.00
  CupyParallelSystem,    750000,    0.1830,    0.1774,    0.0000,      0.00
                Cupy,    750000,    0.2346,    0.0000,    0.0000,      0.00
  CupyParallelSystem,   1250000,    0.3022,    0.2967,    0.0000,      0.01
                Cupy,   1250000,    0.4664,    0.0000,    0.0000,      0.00
  CupyParallelSystem,   1250000,    0.2189,    0.0300,    0.0002,      0.00
                Cupy,   1250000,    0.4655,    0.0000,    0.0000,      0.00
  CupyParallelSystem,   1250000,    0.1370,    0.0414,    0.0003,      0.10
                Cupy,   1250000,    0.4674,    0.0000,    0.0000,      0.00
                Cupy,     14000,    0.4620,    0.0010,    0.0000,      0.02
                Cupy,     14000,    0.4643,    0.0009,    0.0000,      0.02
  CupyParallelSystem,     14000,    0.6459,    0.0095,    0.0000,      0.01
                Cupy,     14000,    0.4672,    0.0011,    0.0000,      0.00
  CupyParallelSystem,     14000,    0.6517,    0.0116,    0.0000,      0.00
                Cupy,     14000,    0.4647,    0.0019,    0.0000,      0.03
  CupyParallelSystem,         1,    0.1556,    0.0095,    0.0000,      0.00
                Cupy,         1,    0.0047,    0.0010,    0.0000,      0.01
  CupyParallelSystem,     14000,    0.6525,    0.0101,    0.0000,      0.00
                Cupy,     14000,    0.4644,    0.0011,    0.0000,      0.02
    CupySerialSystem,         1,    0.1556,    0.0095,    0.0000,      0.00
                Cupy,         1,    0.0047,    0.0010,    0.0000,      0.00
    CupySerialSystem,     14000,    0.6388,    0.0098,    0.0000,      0.00
                Cupy,     14000,    0.4640,    0.0010,    0.0000,      0.02
    CupySerialSystem,         1,    0.3105,    0.0107,    0.0000,      0.00
                Cupy,         1,    0.0047,    0.0010,    0.0000,      0.01
    CupySerialSystem,     14000,    1.1137,    0.0110,    0.0000,      0.00
                Cupy,     14000,    0.4639,    0.0010,    0.0000,      0.02
    CupySerialSystem,         1,    0.1553,    0.0094,    0.0000,      0.00
                Cupy,         1,    0.0045,    0.0010,    0.0000,      0.00
    CupySerialSystem,     14000,    0.6432,    0.0096,    0.0000,      0.00
                Cupy,     14000,    0.4670,    0.0010,    0.0000,      0.03
    CupySerialSystem,         1,    0.0012,    0.0004,    0.0000,      0.03
                Cupy,         1,    0.0001,    0.0001,    0.0000,      0.02
    CupySerialSystem,         1,    0.0012,    0.0004,    0.0000,      0.04
                Cupy,         1,    0.0001,    0.0001,    0.0000,      0.07
    CupySerialSystem,         1,    0.0006,    0.0004,    0.0000,      0.16
                Cupy,         1,    0.0001,    0.0001,    0.0000,      0.03
    CupySerialSystem,     14000,    0.2337,    0.0005,    0.0000,      0.00
                Cupy,     14000,    0.0347,    0.0001,    0.0000,      0.00
    CupySerialSystem,         1,    0.0303,    0.0301,    0.0000,      0.01
                Cupy,         1,    0.0001,    0.0001,    0.0000,      0.01
    CupySerialSystem,     14000,    0.3133,    0.0794,    0.0000,      0.00
                Cupy,     14000,    0.0347,    0.0001,    0.0000,      0.00
    CupySerialSystem,         1,    0.0006,    0.0005,    0.0000,      0.14
                Cupy,         1,    0.0001,    0.0001,    0.0000,      0.02
    CupySerialSystem,     14000,    0.2340,    0.0004,    0.0000,      0.00
                Cupy,     14000,    0.0343,    0.0001,    0.0000,      0.01
                Cupy,     14000,    0.0347,    0.0001,    0.0000,      0.00
                Cupy,     14000,    0.0342,    0.0001,    0.0000,      0.02
                Cupy,     14000,    0.0347,    0.0001,    0.0000,      0.00
                Cupy,     14000,    0.0345,    0.0001,    0.0000,      0.01
    CupySerialSystem,     14000,    0.2507,    0.0006,    0.0000,      0.00
    CupySerialSystem,     14000,    0.2491,    0.0006,    0.0000,      0.00
    CupySerialSystem,     14000,    0.2348,    0.0004,    0.0000,      0.00
    CupySerialSystem,     14000,    0.2345,    0.0005,    0.0000,      0.00
    CupySerialSystem,     14000,    0.2354,    0.0004,    0.0000,      0.00
    CupySerialSystem,     14000,    0.2343,    0.0004,    0.0000,      0.00
    CupySerialSystem,     14000,    0.2342,    0.0004,    0.0000,      0.00
    CupySerialSystem,     14000,    0.2348,    0.0004,    0.0000,      0.00
    CupySerialSystem,     14000,    0.2349,    0.0004,    0.0000,      0.00
    CupySerialSystem,     14000,    0.2344,    0.0004,    0.0000,      0.00
    CupySerialSystem,     14000,    0.0351,    0.0004,    0.0000,      0.00
    CupySerialSystem,     14000,    0.0347,    0.0004,    0.0000,      0.01
  CupyParallelSystem,     14000,    0.0337,    0.0004,    0.0000,      0.00
                Cupy,     14000,    0.0345,    0.0001,    0.0000,      0.01
  CupyParallelSystem,     14000,    0.0181,    0.0006,    0.0000,      0.00
                Cupy,     14000,    0.0332,    0.0001,    0.0000,      0.00
  CupyParallelSystem,     14000,    0.5218,    0.0153,    0.0000,      0.00
                Cupy,     14000,    0.4650,    0.0010,    0.0000,      0.02
  CupyParallelSystem,     14000,    0.5042,    0.0101,    0.0000,      0.00
                Cupy,     14000,    0.4652,    0.0010,    0.0000,      0.02
  CupyParallelSystem,     14000,    0.1842,    0.0039,    0.0000,      0.00
                Cupy,     14000,    0.1833,    0.0004,    0.0000,      0.00
  CupyParallelSystem,     14000,    0.3240,    0.0073,    0.0000,      0.00
                Cupy,     14000,    0.3230,    0.0007,    0.0000,      0.00
  CupyParallelSystem,     14000,    0.4841,    0.0100,    0.0000,      0.00
                Cupy,     14000,    0.5015,    0.0010,    0.0000,      0.00
  CupyParallelSystem,     14000,    0.4954,    0.0101,    0.0000,      0.00
                Cupy,     14000,    0.4907,    0.0011,    0.0000,      0.00
  CupyParallelSystem,     14000,    0.5037,    0.0102,    0.0000,      0.00
                Cupy,     14000,    0.5018,    0.0012,    0.0000,      0.00
  CupyParallelSystem,     14000,    0.5161,    0.0144,    0.0000,      0.00
                Cupy,     14000,    0.4925,    0.0010,    0.0000,      0.00
  CupyParallelSystem,     14000,    0.2711,    0.0457,    0.0346,      0.00
                Cupy,     14000,    0.5021,    0.0011,    0.0000,      0.00
  CupyParallelSystem,     14000,    0.2745,    0.1698,    0.1355,      0.04
                Cupy,     14000,    0.5038,    0.0011,    0.0000,      0.00
  CupyParallelSystem,     14000,    0.2671,    0.0457,    0.0351,      0.00
                Cupy,     14000,    0.4929,    0.0012,    0.0000,      0.00
  CupyParallelSystem,     20000,    0.3677,    0.0539,    0.0415,      0.01
                Cupy,     20000,    0.6974,    0.0012,    0.0000,      0.00
  CupyParallelSystem,     20000,    0.3066,    0.1717,    0.1326,      0.02
  CupyParallelSystem,     20000,    0.3751,    0.0556,    0.0433,      0.00
  CupyParallelSystem,     20000,    0.3037,    0.1704,    0.1291,      0.02
  CupyParallelSystem,     20000,    0.3438,    0.1938,    0.1479,      0.01
  CupyParallelSystem,     20000,    0.3283,    0.1859,    0.1424,      0.04
  CupyParallelSystem,     20000,    0.3176,    0.1896,    0.1466,      0.01
  CupyParallelSystem,     20000,    0.3074,    0.1752,    0.1365,      0.01
  CupyParallelSystem,     20000,    0.3089,    0.1732,    0.1334,      0.02
  CupyParallelSystem,     12000,    0.2263,    0.0495,    0.0343,      0.01
                Cupy,     12000,    0.4158,    0.0010,    0.0000,      0.00
  CupyParallelSystem,     12000,    0.2233,    0.1323,    0.1058,      0.00
                Cupy,     12000,    0.4102,    0.0010,    0.0000,      0.00
  CupyParallelSystem,     12000,    1.0000,    0.8468,    0.7881,      0.00
  CupyParallelSystem,     12000,    1.6364,    1.5131,    1.4792,      0.00
  CupyParallelSystem,     12000,    0.2334,    0.0440,    0.0338,      0.00
                Cupy,     12000,    0.4228,    0.0010,    0.0000,      0.00
  CupyParallelSystem,     12000,    0.2264,    0.1357,    0.1072,      0.03
                Cupy,     12000,    0.4212,    0.0012,    0.0000,      0.00
  CupyParallelSystem,     12000,    1.6736,    1.5404,    1.5041,      0.00
  CupyParallelSystem,     12000,    0.9998,    0.8438,    0.7825,      0.00
  CupyParallelSystem,     12000,    1.0021,    0.8455,    0.7853,      0.00
  CupyParallelSystem,     12000,    1.0011,    0.8531,    0.7903,      0.00
  CupyParallelSystem,   1250000,    2.4574,    0.7580,    0.0003,      0.00
                Cupy,   1250000,    0.4754,    0.0000,    0.0000,      0.00
  CupyParallelSystem,   1250000,    0.2196,    0.0301,    0.0002,      0.00
                Cupy,   1250000,    0.4656,    0.0000,    0.0000,      0.00
  CupyParallelSystem,   1250000,    0.1370,    0.0419,    0.0003,      0.11
                Cupy,   1250000,    0.4663,    0.0000,    0.0000,      0.00
  CupyParallelSystem,   1250000,    0.2184,    0.0301,    0.0002,      0.00
                Cupy,   1250000,    0.4672,    0.0000,    0.0000,      0.00
  CupyParallelSystem,   1250000,    0.1380,    0.0427,    0.0003,      0.11
                Cupy,   1250000,    0.4674,    0.0000,    0.0000,      0.00
  CupyParallelSystem,   1250000,    0.2186,    0.0302,    0.0002,      0.00
                Cupy,   1250000,    0.4665,    0.0000,    0.0000,      0.00
  CupyParallelSystem,     12000,    0.2276,    0.0455,    0.0350,      0.01
  CupyParallelSystem,     12000,    0.2339,    0.0438,    0.0334,      0.02
                Cupy,     12000,    0.4291,    0.0010,    0.0000,      0.00
  CupyParallelSystem,     12000,    0.2330,    0.1417,    0.1115,      0.01
                Cupy,     12000,    0.4169,    0.0010,    0.0000,      0.01
  CupyParallelSystem,     12000,    0.2357,    0.1446,    0.1168,      0.03
                Cupy,     12000,    0.4146,    0.0011,    0.0000,      0.00
  CupyParallelSystem,     12000,    0.2380,    0.0501,    0.0402,      0.03
                Cupy,     12000,    0.4268,    0.0010,    0.0000,      0.00
  CupyParallelSystem,     12000,    0.2197,    0.1299,    0.1014,      0.03
                Cupy,     12000,    0.4147,    0.0010,    0.0000,      0.00
  CupyParallelSystem,     12000,    0.2169,    0.0411,    0.0311,      0.01
                Cupy,     12000,    0.4229,    0.0010,    0.0000,      0.00
  CupyParallelSystem,     12000,    0.2054,    0.1160,    0.0889,      0.02
                Cupy,     12000,    0.4153,    0.0011,    0.0000,      0.01
  CupyParallelSystem,     16000,    0.2675,    0.1585,    0.1284,      0.01
                Cupy,     16000,    0.5658,    0.0012,    0.0000,      0.00
  CupyParallelSystem,     16000,    0.2979,    0.0455,    0.0351,      0.00
                Cupy,     16000,    0.5696,    0.0010,    0.0000,      0.00
  CupyParallelSystem,     16000,    0.3076,    0.0505,    0.0402,      0.01
                Cupy,     16000,    0.5316,    0.0010,    0.0000,      0.00
  CupyParallelSystem,     16000,    0.3023,    0.0529,    0.0417,      0.00
                Cupy,     16000,    0.5377,    0.0011,    0.0000,      0.00
  CupyParallelSystem,     16000,    1.0927,    0.8866,    0.8056,      0.00
  CupyParallelSystem,     16000,    0.3083,    0.0442,    0.0333,      0.00
                Cupy,     16000,    0.5378,    0.0010,    0.0000,      0.01
  CupyParallelSystem,     16000,    0.2587,    0.1467,    0.1141,      0.00
                Cupy,     16000,    0.5545,    0.0011,    0.0000,      0.00
  CupyParallelSystem,     12000,    0.2323,    0.1398,    0.1062,      0.01
                Cupy,     12000,    0.4044,    0.0010,    0.0000,      0.00
  CupyParallelSystem,     20000,    0.3002,    0.1639,    0.1329,      0.01
                Cupy,     20000,    0.6733,    0.0011,    0.0000,      0.00
  CupyParallelSystem,     20000,    0.3766,    0.0540,    0.0422,      0.00
                Cupy,     20000,    0.6943,    0.0010,    0.0000,      0.00
  CupyParallelSystem,     30000,    0.4450,    0.2501,    0.1635,      0.05
                Cupy,     30000,    1.0127,    0.0011,    0.0000,      0.00
  CupyParallelSystem,     30000,    0.6690,    0.3065,    0.2687,      0.02
                Cupy,     30000,    1.0096,    0.0011,    0.0000,      0.00
  CupyParallelSystem,     40000,    0.8466,    0.3371,    0.2782,      0.00
                Cupy,     40000,    1.3409,    0.0011,    0.0000,      0.00
  CupyParallelSystem,     40000,    0.5096,    0.2556,    0.2174,      0.04
                Cupy,     40000,    1.3548,    0.0011,    0.0000,      0.00
  CupyParallelSystem,     40000,    0.4948,    0.2510,    0.2095,      0.04
                Cupy,     40000,    1.3436,    0.0011,    0.0000,      0.00
  CupyParallelSystem,     50000,    0.5959,    0.3033,    0.1488,      0.08
                Cupy,     50000,    1.7057,    0.0012,    0.0000,      0.00
  CupyParallelSystem,     50000,    0.6154,    0.3136,    0.1306,      0.08
                Cupy,     50000,    1.7362,    0.0012,    0.0000,      0.00
  CupyParallelSystem,     50000,    0.6210,    0.3116,    0.1262,      0.03
                Cupy,     50000,    1.7218,    0.0012,    0.0000,      0.00
  CupyParallelSystem,      6000,    0.0449,    0.0418,    0.0258,      0.23
                Cupy,      6000,    0.0416,    0.0011,    0.0000,      0.00
  CupyParallelSystem,      6000,    0.1170,    0.1089,    0.0675,      0.00
                Cupy,      6000,    0.0416,    0.0015,    0.0000,      0.00
  CupyParallelSystem,      6000,    0.1335,    0.1236,    0.0940,      0.66
                Cupy,      6000,    0.0366,    0.0010,    0.0000,      0.00
  CupyParallelSystem,      6000,    0.1391,    0.1286,    0.1002,      0.67
                Cupy,      6000,    0.0393,    0.0011,    0.0000,      0.00
  CupyParallelSystem,      6000,    0.1246,    0.1144,    0.0864,      0.63
                Cupy,      6000,    0.0366,    0.0011,    0.0000,      0.00
  CupyParallelSystem,      6000,    0.0443,    0.0412,    0.0254,      0.23
                Cupy,      6000,    0.0366,    0.0011,    0.0000,      0.00
  CupyParallelSystem,      6000,    0.1415,    0.1312,    0.1031,      0.67
                Cupy,      6000,    0.0416,    0.0011,    0.0000,      0.00
  CupyParallelSystem,      6000,    0.1270,    0.1184,    0.0905,      0.67
                Cupy,      6000,    0.0366,    0.0011,    0.0000,      0.00
  CupyParallelSystem,         1,    0.0213,    0.0187,    0.0116,      0.02
                Cupy,         1,    0.0011,    0.0010,    0.0000,      0.01
  CupyParallelSystem,         1,    0.0096,    0.0095,    0.0000,      0.00
                Cupy,         1,    0.0010,    0.0009,    0.0000,      0.02
  CupyParallelSystem,      3000,    0.0228,    0.0097,    0.0000,      0.00
                Cupy,      3000,    0.0219,    0.0011,    0.0000,      0.00
  CupyParallelSystem,      3000,    0.0548,    0.0141,    0.0000,      0.00
                Cupy,      3000,    0.0201,    0.0011,    0.0000,      0.00
  CupyParallelSystem,      3000,    0.0555,    0.0169,    0.0000,      0.00
  CupyParallelSystem,      3000,    0.0202,    0.0096,    0.0000,      0.00
  CupyParallelSystem,      3000,    0.0227,    0.0095,    0.0000,      0.00
                Cupy,      3000,    0.0213,    0.0011,    0.0000,      0.00
  CupyParallelSystem,      3000,    0.0318,    0.0267,    0.0176,      0.01
                Cupy,      3000,    0.0213,    0.0011,    0.0000,      0.00
  CupyParallelSystem,      3000,    0.0339,    0.0290,    0.0191,      0.01
                Cupy,      3000,    0.0219,    0.0021,    0.0000,      0.00
  CupyParallelSystem,      3000,    0.0329,    0.0276,    0.0182,      0.03
                Cupy,      3000,    0.0218,    0.0011,    0.0000,      0.00
  CupyParallelSystem,         1,    0.0216,    0.0190,    0.0118,      0.02
                Cupy,         1,    0.0011,    0.0010,    0.0000,      0.02
  CupyParallelSystem,         1,    0.0239,    0.0210,    0.0131,      0.02
                Cupy,         1,    0.0019,    0.0018,    0.0000,      0.02
  CupyParallelSystem,      1000,    0.0804,    0.0204,    0.0120,      0.01
                Cupy,      1000,    0.0768,    0.0011,    0.0000,      0.02
  CupyParallelSystem,      1000,    0.0493,    0.0309,    0.0170,      0.04
                Cupy,      1000,    0.0769,    0.0010,    0.0000,      0.01
  CupyParallelSystem,      1000,    0.0841,    0.0752,    0.0378,      0.01
                Cupy,      1000,    0.0740,    0.0011,    0.0000,      0.01
  CupyParallelSystem,      1000,    0.0841,    0.0752,    0.0376,      0.01
                Cupy,      1000,    0.0772,    0.0010,    0.0000,      0.02
  CupyParallelSystem,      1000,    0.0496,    0.0336,    0.0172,      0.04
                Cupy,      1000,    0.0735,    0.0011,    0.0000,      0.01
  CupyParallelSystem,      1000,    0.1082,    0.0211,    0.0120,      0.00
                Cupy,      1000,    0.1120,    0.0010,    0.0000,      0.02
  CupyParallelSystem,      1000,    0.0653,    0.0299,    0.0168,      0.00
                Cupy,      1000,    0.1095,    0.0010,    0.0000,      0.01
  CupyParallelSystem,      1000,    0.0843,    0.0749,    0.0366,      0.00
                Cupy,      1000,    0.1077,    0.0010,    0.0000,      0.00
  CupyParallelSystem,      1000,    0.0828,    0.0736,    0.0358,      0.01
                Cupy,      1000,    0.1084,    0.0011,    0.0000,      0.01
  CupyParallelSystem,      1000,    0.0843,    0.0752,    0.0385,      0.03
                Cupy,      1000,    0.1099,    0.0011,    0.0000,      0.01
  CupyParallelSystem,      1000,    0.0696,    0.0362,    0.0172,      0.07
                Cupy,      1000,    0.1078,    0.0010,    0.0000,      0.00
  CupyParallelSystem,      1000,    0.0592,    0.0296,    0.0166,      0.01
                Cupy,      1000,    0.1118,    0.0010,    0.0000,      0.01
  CupyParallelSystem,      1000,    0.0843,    0.0750,    0.0366,      0.01
                Cupy,      1000,    0.1058,    0.0011,    0.0000,      0.01
  CupyParallelSystem,      1000,    0.0841,    0.0747,    0.0365,      0.00
                Cupy,      1000,    0.1097,    0.0010,    0.0000,      0.01
  CupyParallelSystem,      1000,    0.1070,    0.0220,    0.0128,      0.01
                Cupy,      1000,    0.1055,    0.0011,    0.0000,      0.00
  CupyParallelSystem,      1000,    0.0669,    0.0383,    0.0170,      0.05
                Cupy,      1000,    0.1044,    0.0011,    0.0000,      0.00
  CupyParallelSystem,      1000,    0.0607,    0.0300,    0.0168,      0.01
                Cupy,      1000,    0.1061,    0.0010,    0.0000,      0.00
  CupyParallelSystem,   1250000,    0.1373,    0.0417,    0.0003,      0.11
                Cupy,   1250000,    0.4661,    0.0000,    0.0000,      0.00
  CupyParallelSystem,      5000,    0.1086,    0.0273,    0.0200,      0.04
                Cupy,      5000,    0.1798,    0.0015,    0.0000,      0.01
  CupyParallelSystem,     10000,    0.1903,    0.0275,    0.0202,      0.01
                Cupy,     10000,    0.3455,    0.0011,    0.0000,      0.00
  CupyParallelSystem,     10000,    0.1332,    0.0523,    0.0388,      0.00
                Cupy,     10000,    0.3562,    0.0011,    0.0000,      0.00
  CupyParallelSystem,     20000,    0.2012,    0.0520,    0.0385,      0.00
                Cupy,     20000,    0.6884,    0.0011,    0.0000,      0.00
  CupyParallelSystem,     20000,    0.3756,    0.0275,    0.0201,      0.00
                Cupy,     20000,    0.6919,    0.0012,    0.0000,      0.01
  CupyParallelSystem,     40000,    0.7345,    0.0270,    0.0198,      0.00
                Cupy,     40000,    1.4069,    0.0012,    0.0000,      0.00
  CupyParallelSystem,     40000,    0.3825,    0.0525,    0.0388,      0.00
                Cupy,     40000,    1.3594,    0.0012,    0.0000,      0.00
  CupyParallelSystem,      1000,    0.0630,    0.0276,    0.0167,      0.04
                Cupy,      1000,    0.1107,    0.0011,    0.0000,      0.00
  CupyParallelSystem,      1000,    0.0601,    0.0462,    0.0270,      0.01
                Cupy,      1000,    0.1100,    0.0011,    0.0000,      0.00
  CupyParallelSystem,      1000,    0.0701,    0.0289,    0.0174,      0.00
                Cupy,      1000,    0.1173,    0.0012,    0.0000,      0.00
  CupyParallelSystem,      1000,    0.0618,    0.0464,    0.0273,      0.01
                Cupy,      1000,    0.1146,    0.0012,    0.0000,      0.01
  CupyParallelSystem,      1000,    0.0967,    0.0276,    0.0166,      0.01
                Cupy,      1000,    0.1820,    0.0011,    0.0000,      0.00
  CupyParallelSystem,      1000,    0.0753,    0.0466,    0.0273,      0.01
                Cupy,      1000,    0.1793,    0.0012,    0.0000,      0.00
  CupyParallelSystem,      1000,    0.2237,    0.0207,    0.0000,      0.00
                Cupy,      1000,    0.1835,    0.0011,    0.0000,      0.01
  CupyParallelSystem,      2000,    0.1867,    0.0282,    0.0170,      0.01
                Cupy,      2000,    0.3417,    0.0011,    0.0000,      0.00
  CupyParallelSystem,      2000,    0.1348,    0.0463,    0.0271,      0.02
                Cupy,      2000,    0.3415,    0.0012,    0.0000,      0.00
  CupyParallelSystem,      4000,    0.3779,    0.0281,    0.0169,      0.00
                Cupy,      4000,    0.7048,    0.0011,    0.0000,      0.00
  CupyParallelSystem,      4000,    0.2588,    0.0473,    0.0277,      0.00
                Cupy,      4000,    0.7002,    0.0012,    0.0000,      0.00
  CupyParallelSystem,      4000,    0.4593,    0.0288,    0.0173,      0.00
                Cupy,      4000,    0.8975,    0.0013,    0.0000,      0.00
  CupyParallelSystem,      4000,    0.3017,    0.0467,    0.0272,      0.00
                Cupy,      4000,    0.9192,    0.0012,    0.0000,      0.00
  CupyParallelSystem,      4000,    0.7118,    0.0285,    0.0172,      0.01
  CupyParallelSystem,      4000,    0.6732,    0.0285,    0.0171,      0.00
                Cupy,      4000,    1.3505,    0.0013,    0.0000,      0.00
  CupyParallelSystem,      4000,    0.4371,    0.0464,    0.0272,      0.00
  CupyParallelSystem,      4000,    0.4712,    0.0463,    0.0271,      0.01
                Cupy,      4000,    0.7105,    0.0014,    0.0000,      0.00
  CupyParallelSystem,      4000,    0.2352,    0.0467,    0.0273,      0.01
                Cupy,      4000,    0.8176,    0.0024,    0.0000,      0.00
  CupyParallelSystem,      4000,    0.2632,    0.0465,    0.0272,      0.00
                Cupy,      4000,    1.0120,    0.0014,    0.0000,      0.00
  CupyParallelSystem,      4000,    0.3150,    0.0469,    0.0276,      0.00
                Cupy,      3000,    0.8871,    0.0014,    0.0000,      0.02
  CupyParallelSystem,      3000,    0.2731,    0.0455,    0.0266,      0.01
                Cupy,      3000,    0.9785,    0.0014,    0.0000,      0.01
  CupyParallelSystem,      3000,    0.2919,    0.0475,    0.0277,      0.00
                Cupy,      3000,    0.8174,    0.0026,    0.0000,      0.00
  CupyParallelSystem,      3000,    0.2458,    0.0450,    0.0265,      0.00
                Cupy,      3000,    0.8444,    0.0013,    0.0000,      0.00
  CupyParallelSystem,      3000,    0.2543,    0.0464,    0.0272,      0.01
                Cupy,      3000,    0.9240,    0.0013,    0.0000,      0.00
  CupyParallelSystem,      3000,    0.2762,    0.0503,    0.0304,      0.00
                Cupy,      3000,    1.0048,    0.0014,    0.0000,      0.00
  CupyParallelSystem,      3000,    0.2947,    0.0455,    0.0266,      0.00
                Cupy,      2000,    0.7575,    0.0013,    0.0000,      0.00
  CupyParallelSystem,      2000,    0.2128,    0.0453,    0.0267,      0.01
                Cupy,      2000,    0.7553,    0.0013,    0.0000,      0.00
  CupyParallelSystem,      2000,    0.3522,    0.0282,    0.0170,      0.00
                Cupy,      2000,    0.8281,    0.0012,    0.0000,      0.00
  CupyParallelSystem,      2000,    0.2284,    0.0453,    0.0266,      0.02
                Cupy,      2000,    0.8236,    0.0013,    0.0000,      0.00
  CupyParallelSystem,      2000,    0.3761,    0.0277,    0.0167,      0.00
